url,label
https://docs.google.com/spreadsheet/viewform?formkey=dGg2Z1lCUHlSdjllTVNRUW50TFIzSkE6MQ,1
https://spreadsheets.google.com/spreadsheet/formResponse?formkey=dHpwdTNqUEU2eFJpdHdvblNNZFdSLWc6MQ&amp;theme=0AX42CRMsmRFbUy01ZDc3NWRkZC1mYWQzLTQxYzItYTQ2Yy05OGFmMDE1NGY4ZjY&amp;embedded=true&amp;ifq,1
https://spreadsheets.google.com/spreadsheet/embeddedform?formkey=dF9IbUh2RjMxNEtuNmxVNHhxVlQ5eEE6MQ,1
http://www.youtube.com/embed/9wCygJtW_SQ?rel=0&showinfo=0&autoplay=1,1
https://spreadsheets.google.com/spreadsheet/embeddedform?formkey=dG4wRlFMd1NrVk9FVlJBOThPSmdkVGc6MQ,1
https://sites.google.com/site/habbomoedasgt/,1
http://www.facebook.com/plugins/like.php?href=http%3A%2F%2Fzoetekroon.nl%2F2013%2F08%2Fjokie-en-jet-en-maya-de-bij-taart%2F&layout=button_count&show_faces=true&width=450&action=like&font=tahoma&colorscheme=light,1
https://spreadsheets.google.com/spreadsheet/formResponse?hl=en_US&amp;formkey=dF9IbUh2RjMxNEtuNmxVNHhxVlQ5eEE6MQ&amp;theme=0AX42CRMsmRFbUy1kN2NjY2Y0Mi1iYWFmLTQxMWMtYjM0NC04NmZmYTIwZDRkMGQ&amp;ifq,1
http://www.facebook.com/plugins/likebox.php?href=http%3A%2F%2Fwww.facebook.com%2Fcltmusic&width=940&height=285&colorscheme=dark&show_faces=true&border_color=false&stream=false&header=true&appId=213085448738062,1
https://docs.google.com/a/uwf.edu/spreadsheet/viewform?formkey=dFN1eXA1WWNMdnc2RzVxME1MQ2QtdFE6MQ,1
https://sites.google.com/site/freehabbocoinsgbbo00/,1
https://docs.google.com/a/nebo.edu/spreadsheet/viewform?formkey=dGgzbnZ0NFNuYlV4cndyVHlQdEw4eXc6MQ,1
http://www.google.com/recaptcha/api/noscript?k=6LcD9swSAAAAAO1fRCyDCmOB_N24aG7AXJ6kId9s,1
https://spreadsheets.google.com/spreadsheet/formResponse?formkey=dHVqNWoyMGV0anFaa2xTM1dsbUx4ZVE6MQ&amp;embedded=true&amp;ifq,1
http://twitter.com/share?url=http://www.greeteasy.com/sending-warm-wishes-on-ganesh-chaturthi/,1
http://www.facebook.com/sharer.php?u=http://www.greeteasy.com/happy-ganesh-chaturthi-1/,1
http://windows.microsoft.com/en-US/windows/downloads/windows-media-player/personalize,1
https://docs.google.com/spreadsheet/embeddedform?formkey=dEVoamZFQXptN3lSOWpBWktRRXB3VFE6MQ,1
https://twitter.com/share?url=http://www.greeteasy.com/i-am-lucky-to-have-a-teacher-like-you/,1
https://spreadsheets.google.com/spreadsheet/embeddedform?formkey=dFhocEhBMGt2M0RmWG1PeGRxQU1IN0E6MQ,1
https://spreadsheets.google.com/spreadsheet/viewform?formkey=dHNSbHViVlpjbFFaeGJGMk94eC1hX3c6MQ,1
https://maps.google.com/maps?t=m&q=AmelCS-+Industrial+Training+in+zirakpur,1
https://docs.google.com/spreadsheet/viewform?formkey=dEQwZHVadWdaS3dtZzJCNlNRWl9SZHc6MQ,1
https://twitter.com/share?url=http://www.greeteasy.com/warm-wishes-for-new-year/,1
https://www.google.com/adsense/support/bin/request.py?contact=abg_afc&hideleadgen=1,1
http://twitter.com/share?url=http://www.greeteasy.com/india-shines-with-her-glory/,1
https://www.google.com/calendar/embed?showTitle=0&height=600&wkst=1&bgcolor=%23FFFFFF&src=qtbqjvhotpcmi2gbkhp15bbh7s@group.calendar.google.com&color=%235C1158&ctz=America/New_York,1
https://docs.google.com/spreadsheet/viewform?formkey=dG04bGg5VjZzOE9BaTlyRnRMYV8teFE6MQ,1
https://docs.google.com/spreadsheet/viewform?formkey=dFpvTzYzRE9YOUY3MlJpUkhyV1V6S3c6MQ,1
http://maps.google.com/maps?f=d&source=s_d&saddr=&daddr=501+East+Lane+Street,1
https://spreadsheets.google.com/embeddedform?key=tWGXYJ-Z0GuL8iyUlop8--Q,1
http://www.facebook.com/plugins/like.php?href=http%3A%2F%2Fzoetekroon.nl%2Fthemataarten%2F&layout=button_count&show_faces=true&width=450&action=like&font=tahoma&colorscheme=light,1
https://spreadsheets.google.com/spreadsheet/embeddedform?formkey=dG1aNjNvQkpDMDdlbEZOeUxVU2R5WVE6MQ,1
https://spreadsheets.google.com/spreadsheet/viewform?formkey=dFMtM194b04xcm9Ca2pNYmN0YVA3c0E6MQ,1
https://www.youtube.com/embed/9wCygJtW_SQ?rel=0&showinfo=0&autoplay=1,1
http://twitter.com/share?url=http://www.greeteasy.com/missing-you-on-raksha-bandhan/,1
https://spreadsheets.google.com/spreadsheet/formResponse?formkey=dHVqNWoyMGV0anFaa2xTM1dsbUx4ZVE6MQ&amp;embedded=true&amp;embedded=true&amp;ifq,1
http://twitter.com/statuses/user_timeline/theyerg.json?callback=twitterCallback2&count=2,1
http://www.youtube.com/v/I47vbszhyYo&color1=0xb1b1b1&color2=0xcfcfcf&hl=en&fs=1,1
http://twitter.com/share?url=http://www.greeteasy.com/salute-the-tricolor/,1
http://www.facebook.com/plugins/like.php?locale=en_US&href={location_href}&layout=button_count&show_faces=true&width=500&action=like&font&colorscheme=light&height=23,1
https://twitter.com/share?url=http://www.greeteasy.com/sending-warm-wishes-on-ganesh-chaturthi/,1
http://www.facebook.com/plugins/like.php?href=http%3A%2F%2Fzoetekroon.nl%2F2013%2F10%2Fjongenstaart%2F&layout=button_count&show_faces=true&width=450&action=like&font=tahoma&colorscheme=light,1
https://docs.google.com/a/nsuok.edu/forms/d/138BuIOJOTtEwLmIUKknUzp25bS44ZPUY6pvIG_f3_1s/viewform/,1
https://docs.google.com/a/uji.es/spreadsheet/viewform?formkey=dE1EU3VuWmphd2NpcDdqaWJqTWw5MGc6MQ,1
http://activex.microsoft.com/activex/controls/mplayer/en/nsmp2inf.cab,1
https://docs.google.com/spreadsheet/viewform?formkey=dG5DdktkLVdqVExGSWN1ZnVrdkIxemc6MQ,1
https://spreadsheets0.google.com/spreadsheet/viewform?formkey=dFJNZFkxam1OQ0NsNGxxSmhZa3VLRWc6MQ,1
https://spreadsheets.google.com/spreadsheet/viewform?formkey=dFRPYXJMSENCbHVIc0c3aTJaRVhHdWc6MQ,1
https://spreadsheets.google.com/spreadsheet/viewform?formkey=dEk4TDEyQmxtWi1TMzZ3SGtNcWd1MVE6MQ,1
https://spreadsheets.google.com/spreadsheet/formResponse?formkey=dHhadmNmNnp2Z20teG1GeDZUcFhvQkE6MQ&amp;theme=0AX42CRMsmRFbUy01ZDc3NWRkZC1mYWQzLTQxYzItYTQ2Yy05OGFmMDE1NGY4ZjY&amp;embedded=true&amp;ifq,1
https://twitter.com/share?url=http://www.greeteasy.com/salute-the-tricolor/,1
http://www.facebook.com/sharer.php?u=http://www.greeteasy.com/i-am-lucky-to-have-a-teacher-like-you/,1
https://spreadsheets.google.com/spreadsheet/viewform?formkey=dG14MjdvcEF6QzQzSVFUcXFFdlpZcGc6MQ,1
https://docs.google.com/a/unmsm.edu.pe/spreadsheet/viewform?formkey=dG9FYnRaMFRSdjFBRl80VjloVHc0bmc6MQ,1
https://spreadsheets.google.com/spreadsheet/embeddedform?formkey=dEVSbzQwYWVYRkltZXlSYzJJTktKTUE6MQ,1
https://spreadsheets.google.com/spreadsheet/viewform?formkey=dDN0bGZOdThWNnh5dWFBcTZOV0JSU1E6MQ,1
https://spreadsheets.google.com/spreadsheet/formResponse?formkey=dEpvUV9zYmI3X0treG05MlFhWHhwZEE6MQ&amp;theme=0AX42CRMsmRFbUy01ZDc3NWRkZC1mYWQzLTQxYzItYTQ2Yy05OGFmMDE1NGY4ZjY&amp;embedded=true&amp;ifq,1
https://docs.google.com/uc?id=0B2lhnPtQahlGQWRRbS1VcmFoMXc,1
https://www.sites.google.com/site/sulakespainslu/,1
http://www.facebook.com/sharer.php?u=http://www.greeteasy.com/sending-warm-wishes-on-ganesh-chaturthi/,1
https://docs.google.com/spreadsheet/viewform?formkey=dHZ0ZDJqZHh6UlJ0MGpIVTFvcnl3QVE6MQ,1
http://www.microsoft.com/Windows/Downloads/Contents/Products/MediaPlayer/,1
http://www.youtube.com/v/ACGjP_YL6d0&color1=0xb1b1b1&color2=0xcfcfcf&hl=en&feature=player_embedded&fs=1,1
https://docs.google.com/spreadsheet/viewform?formkey=dG9LVkRZa2dROFhNdUhVRXMxYU1peWc6MQ,1
http://sites.google.com/site/stickamcomlogindo/login.html,1
https://spreadsheets.google.com/spreadsheet/viewform?formkey=dF9IbUh2RjMxNEtuNmxVNHhxVlQ5eEE6MQ,1
https://spreadsheets.google.com/spreadsheet/viewform?formkey=dENScmZPeTdzQ0NOeWQ1ZU5FUjl2bXc6MQ,1
http://windows.microsoft.com/en-us/internet-explorer/downloads/ie-8,1
https://spreadsheets.google.com/spreadsheet/viewform?formkey=dFRsRDNVczdjZ1I1NVJ2eERjRzVLT0E6MQ,1
https://spreadsheets.google.com/spreadsheet/viewform?formkey=dDQtZ3VFbFJLVFFnNkx2UlZrSTRQc1E6MQ,1
http://www.facebook.com/plugins/like.php?href=http%3A%2F%2Fzoetekroon.nl%2F2013%2F09%2Ftaart-met-konijn%2F&layout=button_count&show_faces=true&width=450&action=like&font=tahoma&colorscheme=light,1
http://sites.google.com/site/habbotuttogratis/,1
https://spreadsheets.google.com/spreadsheet/formResponse?formkey=dG14MjdvcEF6QzQzSVFUcXFFdlpZcGc6MQ&amp;ifq,1
https://twitter.com/share?url=http://www.greeteasy.com/missing-you-on-raksha-bandhan/,1
http://www.facebook.com/sharer.php?u=http://www.greeteasy.com/happy-ganesh-chaturthi/,1
https://docs.google.com/a/svvsd.org/spreadsheet/viewform?formkey=dDVWdTB3ckczVlBpd3NPNW95b0FGRlE6MQ,1
http://twitter.com/share?url=http://www.greeteasy.com/i-am-lucky-to-have-a-teacher-like-you/,1
https://spreadsheets.google.com/spreadsheet/formResponse?formkey=dENJZVlKdjZ3RU1Xcm9QTGdyRTdGM3c6MQ&amp;ifq,1
http://www.facebook.com/sharer.php?u=http://www.greeteasy.com/india-shines-with-her-glory/,1
http://www.facebook.com/plugins/like.php?href=http%3A%2F%2Fzoetekroon.nl%2Fkindertaarten%2F&layout=button_count&show_faces=true&width=450&action=like&font=tahoma&colorscheme=light,1
https://spreadsheets0.google.com/spreadsheet/embeddedform?formkey=dHE0dlVnU24xWVpFamdmMUNoQzg3d1E6MQ,1
https://spreadsheets.google.com/spreadsheet/viewform?formkey=dEFYcy1FWEk0S1lET05qcXEyUkVRaVE6MQ,1
https://docs.google.com/a/njit.edu/spreadsheet/viewform?formkey=dGgxclF4ZEUtUFBCM2s2U01wR2N3bEE6MQ,1
https://docs.google.com/spreadsheet/viewform?formkey=dG1MZ0FBeTBxOG5NbGZjNUJMQWxmMmc6MQ,1
http://www.facebook.com/plugins/like.php?href=http%3A%2F%2Fzoetekroon.nl%2F2013%2F09%2Ffc-barcelona-taart%2F&layout=button_count&show_faces=true&width=450&action=like&font=tahoma&colorscheme=light,1
http://www.facebook.com/plugins/like.php?href=http%3A%2F%2Fzoetekroon.nl%2F2013%2F09%2Fgeen-bestellingen-tot-eind-2013%2F&layout=button_count&show_faces=true&width=450&action=like&font=tahoma&colorscheme=light,1
https://twitter.com/share?url=http://www.greeteasy.com/sending-warm-greetings-on-independence-day/,1
https://spreadsheets.google.com/spreadsheet/viewform?formkey=dF9xZ0JpQUNndzZJSGVmTHBKZEhveXc6MQ,1
http://spreadsheets.google.com/viewform?formkey=cjlWRDFTWERkZEIxUzVjSmNsN0ExU1E6MA,1
https://spreadsheets.google.com/spreadsheet/viewform?hl=en_US&amp;formkey=dC1NenlXNjJpUHNVTHBndUtoeHNxUUE6MQ#gid=0,1
http://maps.google.com/maps/api/js?v=3&language=de_DE&sensor=false,1
http://twitter.com/share?url=http://www.greeteasy.com/happy-ganesh-chaturthi-1/,1
https://twitter.com/share?url=http://www.greeteasy.com/india-shines-with-her-glory/,1
https://spreadsheets.google.com/spreadsheet/viewform?formkey=dHNaQkM1czlEZlFxa20ya0hjSVozeWc6MQ,1
http://www.facebook.com/sharer.php?u=http://www.greeteasy.com/missing-you-on-raksha-bandhan/,1
http://twitter.com/share?url=http://www.greeteasy.com/warm-wishes-for-new-year/,1
https://docs.google.com/a/blumail.org/spreadsheet/viewform?formkey=dDcwdURxMkJCS25LSE5IREtLTXB3bkE6MQ,1
https://docs.google.com/spreadsheet/viewform?formkey=dFZKbnllLTB6b3dsVnNydWwwZ2VZdEE6MQ,1
https://spreadsheets.google.com/spreadsheet/viewform?hl=en_US&amp;pli=1&amp;formkey=dF9IbUh2RjMxNEtuNmxVNHhxVlQ5eEE6MQ#gid=0,1
http://windows.microsoft.com/en-us/internet-explorer/ie-8-worldwide-languages,1
https://spreadsheets.google.com/spreadsheet/viewform?formkey=dE9pMlBuRG5WMktqdnM1SlYyRl9HOGc6MQ,1
https://spreadsheets.google.com/spreadsheet/viewform?formkey=dGVpT1h2ZDVCcmhSVnVfZ2xEbTNzX1E6MQ,1
http://www.facebook.com/plugins/like.php?href=http%3A%2F%2Fzoetekroon.nl%2F2013%2F11%2Fmaritieme-taart%2F&layout=button_count&show_faces=true&width=450&action=like&font=tahoma&colorscheme=light,1
https://spreadsheets.google.com/spreadsheet/viewform?formkey=dC15cXBPbG1tVm45b2hVQ2JwNWpIS2c6MQ,1
https://spreadsheets.google.com/spreadsheet/embeddedform?formkey=dHpwdTNqUEU2eFJpdHdvblNNZFdSLWc6MQ,1
https://spreadsheets.google.com/spreadsheet/embeddedform?formkey=dHVqNWoyMGV0anFaa2xTM1dsbUx4ZVE6MQ,1
https://spreadsheets.google.com/viewform?formkey=dENJZVlKdjZ3RU1Xcm9QTGdyRTdGM3c6MQ,1
https://spreadsheets.google.com/spreadsheet/formResponse?formkey=dFhocEhBMGt2M0RmWG1PeGRxQU1IN0E6MQ&amp;theme=0AX42CRMsmRFbUy04MzExYmE5OS1lOTcyLTRlMDctOGU1ZC02ZTUwNWM0MmVjNmY&amp;embedded=true&amp;ifq,1
https://docs.google.com/a/my.liu.edu/spreadsheet/viewform?formkey=dEVoamZFQXptN3lSOWpBWktRRXB3VFE6MQ,1
http://www.facebook.com/plugins/like.php?href=http%3A%2F%2Fzoetekroon.nl%2F2013%2F09%2Ftwee-handen%2F&layout=button_count&show_faces=true&width=450&action=like&font=tahoma&colorscheme=light,1
https://spreadsheets.google.com/spreadsheet/viewform?formkey=dGVTVVpCcTZ1RGdvVVpieHlfYWpscUE6MQ,1
https://spreadsheets.google.com/spreadsheet/formResponse?formkey=dFhocEhBMGt2M0RmWG1PeGRxQU1IN0E6MQ&amp;theme=0AX42CRMsmRFbUy04MzExYmE5OS1lOTcyLTRlMDctOGU1ZC02ZTUwNWM0MmVjNmY&amp;embedded=true&amp;embedded=true&amp;ifq,1
https://twitter.com/share?url=http://www.greeteasy.com/happy-ganesh-chaturthi/,1
https://spreadsheets.google.com/spreadsheet/formResponse?formkey=dFo2c1l0U2ZvdmpjclM0NnpqWkVfU0E6MQ&amp;theme=0AX42CRMsmRFbUy01ZDc3NWRkZC1mYWQzLTQxYzItYTQ2Yy05OGFmMDE1NGY4ZjY&amp;embedded=true&amp;ifq,1
https://spreadsheets.google.com/spreadsheet/embeddedform?formkey=dFo2c1l0U2ZvdmpjclM0NnpqWkVfU0E6MQ,1
https://docs.google.com/spreadsheet/viewform?formkey=dEQzZG90UFJhUTU3cjhGUHp0ZnF5RGc6MQ,1
http://twitter.com/share?url=http://www.greeteasy.com/sending-warm-greetings-on-independence-day/,1
http://twitter.com/share?url=http://www.greeteasy.com/as-i-celebrate-the-indian-independence-day/,1
https://spreadsheets.google.com/spreadsheet/viewform?formkey=dE81emh1SDZhVlE3ZjNHczlTZGtwcHc6MQ,1
http://www.facebook.com/plugins/like.php?href=http%3A%2F%2Fzoetekroon.nl%2F2013%2F10%2Fgeen-opdrachten-meer%2F&layout=button_count&show_faces=true&width=450&action=like&font=tahoma&colorscheme=light,1
https://twitter.com/share?url=http://www.greeteasy.com/as-i-celebrate-the-indian-independence-day/,1
http://www.google.com/calendar/embed?showTitle=0&height=600&wkst=1&bgcolor=%23FFFFFF&src=qtbqjvhotpcmi2gbkhp15bbh7s%40group.calendar.google.com&color=%235C1158&ctz=America%2FNew_York,1
https://spreadsheets.google.com/spreadsheet/embeddedform?formkey=dFRlS2xIckFiOFA5bkNHLVV4U3VnZ0E6MQ,1
http://www.facebook.com/plugins/like.php?href=http%3A%2F%2Fzoetekroon.nl%2F2014%2F02%2Fspecials%2F&layout=button_count&show_faces=true&width=450&action=like&font=tahoma&colorscheme=light,1
https://docs.google.com/spreadsheet/viewform?formkey=dHpvRHdlbklZeWlOcklIWTBwcXlBT1E6MQ,1
http://windows.microsoft.com/en-US/windows/products/windows-media,1
https://spreadsheets.google.com/spreadsheet/embeddedform?formkey=dDlVRjA1WVVSaDBJWGRUcU1FOE84Y1E6MQ,1
https://spreadsheets.google.com/spreadsheet/viewform?formkey=dHFJSHM5ejBLb3JGWkdFWXdfNHVlQUE6MQ,1
http://www.facebook.com/sharer.php?u=http://www.greeteasy.com/sending-warm-greetings-on-independence-day/,1
https://spreadsheets.google.com/spreadsheet/viewform?formkey=dDVIRmRHV3NteVZKQU8xbHo0QUtaaVE6MQ,1
http://www.facebook.com/plugins/like.php?href=http%3A%2F%2Fzoetekroon.nl%2F2013%2F08%2Froze-en-goud%2F&layout=button_count&show_faces=true&width=450&action=like&font=tahoma&colorscheme=light,1
https://spreadsheets.google.com/spreadsheet/embeddedform?formkey=dHNLQkZUbFZhWDRYTTFGWkd3UlUtZHc6MQ,1
https://spreadsheets.google.com/spreadsheet/viewform?formkey=dGJoaTRXZGY3TDN1ZzRocjRydnBnUnc6MA,1
http://badge.facebook.com/badge/171705369536545.1728.1615163814.png,1
https://spreadsheets.google.com/spreadsheet/formResponse?formkey=dFo2c1l0U2ZvdmpjclM0NnpqWkVfU0E6MQ&amp;theme=0AX42CRMsmRFbUy01ZDc3NWRkZC1mYWQzLTQxYzItYTQ2Yy05OGFmMDE1NGY4ZjY&amp;embedded=true&amp;embedded=true&amp;ifq,1
http://www.facebook.com/sharer.php?u=http://www.greeteasy.com/salute-the-tricolor/,1
https://sites.google.com/site/haabbohoteell/,1
https://spreadsheets.google.com/spreadsheet/formResponse?formkey=dHNLQkZUbFZhWDRYTTFGWkd3UlUtZHc6MQ&amp;theme=0AX42CRMsmRFbUy03NTAzM2Q4My03ODU1LTQ2NzItODI2YS1kZmU5YzdiMzZjOGQ&amp;embedded=true&amp;ifq,1
http://www.facebook.com/plugins/like.php?href=http%3A%2F%2Fzoetekroon.nl%2F2013%2F10%2Fdolfijnentaart%2F&layout=button_count&show_faces=true&width=450&action=like&font=tahoma&colorscheme=light,1
https://spreadsheets.google.com/spreadsheet/embeddedform?formkey=dEpvUV9zYmI3X0treG05MlFhWHhwZEE6MQ,1
http://www.youtube.com/v/DXqBD0K8Chc?version=3&%3Bhl=en_US&%3Brel=0,1
https://spreadsheets.google.com/spreadsheet/formResponse?formkey=dHF5elBkbHJRUzdLdFJRWUs4UHpGRHc6MQ&amp;ifq,1
https://spreadsheets.google.com/spreadsheet/formResponse?formkey=dF9IbUh2RjMxNEtuNmxVNHhxVlQ5eEE6MQ&amp;theme=0AX42CRMsmRFbUy01NDlkNjAyZC1hYmMyLTQ4NDItODkxMy1kZjYwZGYxZGE5ZTY&amp;embedded=true&amp;ifq,1
http://twitter.com/share?url=http://www.greeteasy.com/happy-ganesh-chaturthi/,1
http://www.facebook.com/plugins/like.php?href=http%3A%2F%2Fzoetekroon.nl%2F2013%2F11%2Ftroetelbeer-taart%2F&layout=button_count&show_faces=true&width=450&action=like&font=tahoma&colorscheme=light,1
https://docs.google.com/spreadsheet/viewform?fromEmail=true&amp;formkey=dHMwaHg2a1d0M2NTSzM3MWJYazYyM1E6MQ,1
http://www.facebook.com/sharer.php?u=http://www.greeteasy.com/as-i-celebrate-the-indian-independence-day/,1
https://spreadsheets.google.com/spreadsheet/viewform?formkey=dEJ3MkhjNFBzdWRZaGV6eV9RclBSR0E6MQ,1
https://docs.google.com/a/sbc.edu/spreadsheet/viewform?formkey=dHFGNE5VV1dfdXZwSVRLYWRNYUZwVWc6MQ,1
https://docs.google.com/spreadsheet/viewform?formkey=dFJfMURPeDFXXzRwLTF2N0trcXhwdWc6MA,1
http://www.facebook.com/sharer.php?u=http://www.greeteasy.com/warm-wishes-for-new-year/,1
https://docs.google.com/a/bitmesra.ac.in/spreadsheet/viewform?formkey=dF8wbWctVmtfWEdpbHgxb3pSZzhwbHc6MQ,1
http://www.google.com/recaptcha/api/challenge?k=6LcD9swSAAAAAO1fRCyDCmOB_N24aG7AXJ6kId9s,1
https://spreadsheets.google.com/viewform?formkey=dElrRlV5cFUzM3ZJTnBES0NwNXprTVE6MQ,1
http://www.google.com/calendar/embed?showTitle=0&showTz=0&height=600&wkst=1&bgcolor=%23FFFFFF&src=rni8235chbfmbumjl6abo57crs%40group.calendar.google.com&color=%238C500B&ctz=America%2FNew_York,1
http://www.facebook.com/plugins/like.php?href=http%3A%2F%2Fzoetekroon.nl%2F2014%2F02%2Fminnie-mouse-kasteel%2F&layout=button_count&show_faces=true&width=450&action=like&font=tahoma&colorscheme=light,1
http://www.adobe.com/content/dotcom/en/solutions/education/modals/cpodEDUModal,1
https://spreadsheets.google.com/spreadsheet/viewform?formkey=dHFvaU5sdUpBRWtxN2QwNmtsaTJrcmc6MQ,1
http://www.facebook.com/plugins/likebox.php?href=http%3A%2F%2Fwww.facebook.com%2Fcltmusic&width=900&height=427&colorscheme=dark&show_faces=false&border_color=false&stream=true&header=true&appId=213085448738062,1
https://spreadsheets.google.com/spreadsheet/viewform?hl=en_US&amp;formkey=dF9IbUh2RjMxNEtuNmxVNHhxVlQ5eEE6MQ#gid=0,1
https://twitter.com/share?url=http://www.greeteasy.com/happy-ganesh-chaturthi-1/,1
https://docs.google.com/spreadsheet/viewform?formkey=dGVJVDdrQ0FqdnhrRDNRQ3dSLVNKcXc6MQ,1
https://spreadsheets.google.com/spreadsheet/viewform?formkey=dFdGU080bnItalZrN1BFRHZNWWpUUkE6MQ,1
https://spreadsheets.google.com/spreadsheet/embeddedform?formkey=dFBUVTNhcGItYkFna0E5QkFSYlMyU3c6MQ,1
https://spreadsheets.google.com/spreadsheet/viewform?formkey=dHVZUDdKUWR6WjBJck9FaXdTNkxTbUE6MQ,1
https://spreadsheets.google.com/spreadsheet/embeddedform?formkey=dGpWN0pvdkt4dmVEVlFmOG5LTk41eVE6MQ,1
http://twitter.com/statuses/user_timeline/reelofficial.json?callback=twitterCounter&count=1,1
https://docs.google.com/spreadsheet/viewform?formkey=dGoydUphZ2Y5am9QMzRCQVVMRUFwTWc6MQ,1
https://spreadsheets1.google.com/spreadsheet/viewform?formkey=dGFoWDdWNTVaT3V2T1I2djgtMkRNakE6MQ,1
http://www.facebook.com/plugins/like.php?href=http%3A%2F%2Fzoetekroon.nl%2F2013%2F09%2Flego-city-undercover-taart%2F&layout=button_count&show_faces=true&width=450&action=like&font=tahoma&colorscheme=light,1
http://www.youtube.com/v/7N-GiWMzbVM&color1=0xb1b1b1&color2=0xcfcfcf&hl=en&feature=player_embedded&fs=1,1
https://spreadsheets.google.com/spreadsheet/formResponse?formkey=dHNaQkM1czlEZlFxa20ya0hjSVozeWc6MQ&amp;theme=0AX42CRMsmRFbUy0zODExOWI0Yi0yMTExLTRkMzYtOGUyZi1iNDZiMTFjZmMxY2Q&amp;ifq,1
https://docs.google.com/a/sbc.edu/spreadsheet/viewform?formkey=dHFGNE5VV1dfdXZwSVRLYWRNYUZwVWc6MQ&amp;gt;),1
https://docs.google.com/forms/d/e/1FAIpQLSeLlmZKFEeT3uoTnEY9FVYudu4WhQfKfYd1u6fpJ0BkUvXZIA/viewform?usp=send_form,1
https://docs.google.com/forms/d/e/1FAIpQLSeqLTsJB9e-ykvNW6MrWhTV8Sd3b4t0I0FUDhlbHKvb9I8gDQ/viewform?usp=send_form,1
https://docs.google.com/forms/d/e/1FAIpQLSdb0fy5YgMQBtHrytfe6xQBcbYheX1ooUhrc4usrA5IcMlGhw/viewform?usp=send_form,1
https://docs.google.com/forms/d/e/1FAIpQLScQSeh0bY9ZpIQGVBk1fGQhw52FH5ESevzxzp5oVc4gLjlVyQ/viewform?usp=send_form,1
https://docs.google.com/forms/d/e/1FAIpQLScyKC67tpQEdqboGWQO68d7_-3PZQM6ExyKM2a-W9z6sS8jaA/viewform?usp=sf_link/,1
https://docs.google.com/forms/d/e/1FAIpQLSe0EVZCYYtVTz1GNve2OhV3Z1GSvUPuHaQBANLhkKFACN10Bw/viewform?usp=sf_link/,1
https://docs.google.com/forms/d/e/1FAIpQLSe3ludOxZP9G4jTCxs-PMOMHVzzFutsQPLa6Cyc-sQlovvEvw/viewform?usp=sf_link,1
https://docs.google.com/forms/d/e/1FAIpQLSeKqIiAMpP-OsUImmsrqlBnEM4RUkmazsORFws3paRS6RPmyQ/viewform?usp=sf_link,1
https://docs.google.com/forms/d/e/1FAIpQLSdSN7451E3YuPrFXRw3xJo-bboKWkHniHuNtPCMnaP-hAB8lA/viewform?usp=send_form,1
https://docs.google.com/forms/d/e/1FAIpQLSeHpzJ-Fc_GUo1WHbzvXiKjJhu4m6mjLM2npstX0XovkbhVaA/viewform?usp=sf_link,1
https://docs.google.com/forms/d/e/1FAIpQLSdRbbFRZPDLGPyaaXDGExvKUK2Uh9KQbhErtETgiGs5pr2OBw/viewform?usp=sf_link/,1
https://docs.google.com/forms/d/e/1FAIpQLSf0GsV5YUqBgGVsRjciVLhE5krOCCAg3pBZUcICgBnQ9n4WBw/closedform,1
https://docs.google.com/forms/d/e/1FAIpQLSd08za11mHggNdugDVcNEArtLz3_GM47wz6YQCPn12yDzyulw/viewform?usp=send_form,1
https://docs.google.com/forms/d/e/1FAIpQLSfwV7xcQyhFIe3RYPEr_lh6CPdl9NSfYkQDddyvoZybCtBMLw/viewform?usp=sf_link/,1
https://docs.google.com/forms/d/e/1FAIpQLSdG29D1jYHJfJuU1OhN6tvY0HEWhXxDAVohr05W2DBXjjcNmQ/viewform?usp=send_form,1
https://docs.google.com/forms/d/e/1FAIpQLSfWFUI2HbxCa7Soz2ijK8bZkkI6A9_ThGZXpzLfOtHpuGsE5A/viewform,1
https://docs.google.com/forms/d/e/1FAIpQLSeIlCtPmRBj93IVx4xBekL37rreD8QBG8y4neyLXnCz6wK4Ew/viewform,1
https://docs.google.com/forms/d/e/1FAIpQLSeHpzJ-Fc_GUo1WHbzvXiKjJhu4m6mjLM2npstX0XovkbhVaA/viewform?usp=send_form,1
https://docs.google.com/forms/d/e/1FAIpQLScoZ-T4t65ouO1NFG0hkbf2SY2aYJw3g1ZNRwXVVsaMgytcWg/viewform,1
https://docs.google.com/forms/d/e/1FAIpQLSeJiS-J_vs97aJarDYWRzy5xtRCacd9JPW0h4whMkxGP6cRRg/viewform?usp=sf_link/,1
https://docs.google.com/forms/d/e/1FAIpQLSe5aqlrySSSv-5hheywuMDJW2eWaqOtYUafKx3XWRrSXtME9w/viewform?usp=sf_link/,1
https://docs.google.com/forms/d/e/1FAIpQLScM4xr1zC-zo5tRNloOO5ABUYD7I1UNsDD65raWmmy2z3x0lQ/viewform,1
https://docs.google.com/forms/d/e/1FAIpQLSc-3F1sBmq3GM-5HK8YBH3cdv1Ea8YRNNE50KmnOnsQswFFxg/viewform?usp=sf_link,1
https://docs.google.com/forms/d/e/1FAIpQLSesXFZHeYl0BrnXGXKKFVp9d--ZcdUQwNCFUdpb_buwh0v_GQ/viewform,1
https://docs.google.com/forms/d/e/1FAIpQLSdrtcbgIgAdW-ws0QJrsOHKHmL-6_CJyBqCqvKUEbUMJ-YxGQ/viewform?usp=sf_link/,1
https://docs.google.com/forms/d/e/1FAIpQLSfQTWE0IDfj3U1F4xFY6KJm3MntiQAW4xu3N0S5uUckQ84hIg/viewform?usp=sf_link/,1
https://sites.google.com/view/dealsd/home?fbclid=IwAR2JJYu14sqA2gp31cX8lhEKvYkF-8EC51J4YYyOzXh25AaPmeKesPgd9dg,1
https://docs.google.com/forms/d/e/1FAIpQLScnYWyd1uBAWz2eytsMtwEVIfEa2vuYp9K3xfXDXiShPJLVqA/viewform?usp=send_form,1
https://docs.google.com/forms/d/e/1FAIpQLSf2seeZjAcH3siY3k8w3Rqo_fuf1q7L7MiHQTpNtIl8wy3noQ/viewform?usp=sf_link/,1
https://docs.google.com/forms/d/e/1FAIpQLSfTIzYL8DfeH-RX_W5oU6G_KLhyU7SW-718bLafh79ma3BKvw/viewform?usp=send_form,1
https://docs.google.com/forms/d/e/1FAIpQLSf7hoPmrX2W24JYawBtyoa0lNxWEgnBSGK0Ko2S4JinX7zPRQ/viewform?usp=send_form,1
https://docs.google.com/forms/d/e/1FAIpQLSf-CKIYe8JWt05AcIaY2ZlY6kpoWoAHmaVT7jS5vBKc0HR8OQ/viewform?usp=send_form,1
https://docs.google.com/forms/d/e/1FAIpQLSd31mC-9n896vWWXAUm4JMzDzoNeAmp7S9K8r8si_1I78YkpA/viewform?usp=send_form,1
https://docs.google.com/forms/d/e/1FAIpQLSe1AHVz_kCKrth-YfVJwLi75Uh9e96m52XztxMhRxs_jNIZ3A/viewform?usp=sf_link,1
https://docs.google.com/forms/d/e/1FAIpQLSc-YVG9JBnfA9TpndAvgVqNZGp5qc8touJjl3O7BcwwTPMg0w/viewform,1
https://docs.google.com/forms/d/e/1FAIpQLSfeBA3cFpZhs_HlegSx5Meup4hQ55_3dcqcI2Ie-9KS2Af8GA/viewform?usp=sf_link,1
https://docs.google.com/forms/d/e/1FAIpQLScwsf41Ltz2GHdA5BkVl-hbOePxw4dGWcYgLfJ2sXUt8Jf8sA/viewform,1
https://sites.google.com/view/guanessa/in%C3%ADcio,1
https://docs.google.com/forms/d/e/1FAIpQLSf2EYwbaOE9B0N8h42W0k7lkHJPS6u5CHXBILW_DFEkk_OEYQ/viewform,1
https://docs.google.com/forms/d/e/1FAIpQLSd_4jo7T3Qzr8d_EPARqc1_XflA89Ly2Z1dR-yF4cSo32b5bw/viewform?usp=sf_link,1
https://docs.google.com/forms/d/e/1FAIpQLSeSqdplcmYysZeDVhSJwYABsZjYGssym27HmQfp3rCFDh4_Aw/viewform,1
https://docs.google.com/forms/d/e/1FAIpQLScbHYbVShyltEKQUVFy4oj0U0-fIx2e9erZLu4mEW2K1jsB_Q/viewform?usp=sf_link,1
https://docs.google.com/forms/d/e/1FAIpQLSetHbYnqj0Qm0Nik-QWWXbSL9e_2cP8D6TPa-6V15nO50Dgow/viewform?usp=sf_link,1
https://docs.google.com/forms/d/e/1FAIpQLSfa_ujdV5nZO1eFkDloDm7AyxP4uLTJUZgpqSlO5SX4kJmHBg/viewform,1
https://sites.google.com/site/aczsrecovers/,1
https://docs.google.com/forms/d/e/1FAIpQLSfbauKpPHfZ0V8tLyAzS4hHSiKs-75Oa_fkoGUEVKtcozY7rA/viewform?usp=sf_link/,1
https://docs.google.com/forms/d/1eG6cDlY-2cWdz-ITULkC4rE76XrmS06zr3FTXNnfS_s/viewform?edit_requested=true,1
https://docs.google.com/forms/d/e/1FAIpQLSeubrt0znKtChuQs7WA1ivmdDviHlUvNruVJRNmyF8uFejTkA/viewform,1
http://docs.google.com/forms/d/e/1FAIpQLSfS8JQLjXmEoj0AJ4FcHPo6JebCIzKrklOUYv0lQRr9FK-GxA/viewform,1
https://docs.google.com/forms/d/e/1FAIpQLSfS8JQLjXmEoj0AJ4FcHPo6JebCIzKrklOUYv0lQRr9FK-GxA/viewform,1
https://forms.office.com/Pages/ResponsePage.aspx?id=DQSIkWdsW0yxEjajBLZtrQAAAAAAAAAAAAYAAA0-vKZUNzRZMU1ZRDA1ODRFTlNLODhGUzlSSFBHRS4u,1
https://docs.google.com/forms/d/e/1FAIpQLSe6jnPjaF7CjLPOAl7V0Ilz0W0DGDqSAw3uoHYu9FFDaEnljQ/viewform,1
https://sites.google.com/site/areszcvpages/,1
https://docs.google.com/forms/d/e/1FAIpQLSc81IL-wpGguPXzjmK2zUI40tvPm2eqZZVDgPzEAg4WJvg4ww/viewform?usp=sf_link/,1
https://forms.office.com/Pages/ResponsePage.aspx?id=DQSIkWdsW0yxEjajBLZtrQAAAAAAAAAAAAO__R4JmpZUQU9QVTNYNUQ0RFRLVDZZNlZXQUhPSERCMi4u,1
https://docs.google.com/forms/d/e/1FAIpQLSd-uLscz1s9nbKj_jq6nUbK8v0DTv2cGRZVJLMxvizYt9XO7g/viewform,1
https://docs.google.com/forms/d/e/1FAIpQLSdpU1i7OOfsPlO-eElVVqm_xfG1_9yeRqQePyYA-hudhBhSkw/viewform?usp=send_form,1
https://docs.google.com/forms/d/e/1FAIpQLScIUlr1COCxx8hntQBhpUPc2jKxZF4AxUZOjmtF1PAyDpcc8w/viewform?usp=send_form,1
https://docs.google.com/forms/d/e/1FAIpQLSciIHxtYxPBUi5uSCnY9VZfkbb7RF7hMDnFqQBVfYr-gugIGw/viewform?usp=send_form,1
https://docs.google.com/forms/d/e/1FAIpQLSddCVY7LYA54KlRFeiz5WoWZAtFj0Uo6ZffrBBw6KKd8Hmldw/viewform?usp=sf_link/,1
https://docs.google.com/forms/d/e/1FAIpQLScFcExD-6RYUErrFcsu7yZ83g1TYAReP5ymn1_vPTOtesgp4A/viewform,1
https://forms.office.com/FormsPro/Pages/ResponsePage.aspx?id=t3dj48Rwk0SjOAlZGNMn6bAFynfDKY5Orhyq9zV62tpUQUszTlhXMVVIUUpXSkVLRVMyUldYUko5Ny4u&amp;vt=e36377b7-70c4-4493-a338-095918d327e9_1973aa6c-a10f-46bb-a912-07c43f73112e_Hash7_gCDqoyksQMUpfBM4pWlOqi%2bNuYAHSMp%2b8BeMc6qHdQU%3d,1
https://docs.google.com/forms/d/e/1FAIpQLSccwaa6D_8eAhwby3wwDn3dRsVhFuC9rfxypDCa6md8VSK3qQ/viewform?usp=send_form,1
https://www.youtube.com/redirect?stzid=Ugwqr2IrJca84j48K9Z4AaABAg&amp;event=comments&amp;redir_token=HZRoW_amrFyVfL1v0T7kQVi5RnV8MTU4NzQ4ODk4MEAxNTg3NDAyNTgw&amp;q=https%3A%2F%2Fservices.runescape.com-en.ru%2Fm%3Dforum%2Fforums.ws565%2C441%2C297%2C81962356%2C1103,1
https://docs.google.com/forms/d/e/1FAIpQLSdaY0Q--exZ-RxR5y4nU9NmxrS110P_fkniqms3bYu5OXY-xw/viewform,1
https://docs.google.com/forms/d/e/1FAIpQLSeXOj2nnCrByJMYaP26R91hqli0pNZB7yC2rdr4gUaePngG4A/viewform?usp=send_form,1
https://docs.google.com/forms/d/e/1FAIpQLSdevf_5vMZjtiF5v0BzQX2ybjUWNtOYElwDb7Vm7XN8dWHtqw/viewform?usp=send_form,1
https://www.instagram.com/unicard.us,1
https://docs.google.com/forms/d/e/1FAIpQLSekE7H-uz45Ye-38RZaJAi72zwLEdArZXBo13oZD3fCmlVDvg/viewform?usp=send_form,1
https://docs.google.com/forms/d/e/1FAIpQLSe0H5Q3v0zw136co7xLVdnPCHJewwbrttlNlXtzwnEMctdrIw/viewform?usp=send_form,1
https://docs.google.com/forms/d/e/1FAIpQLSelBAln95hDkOmA1_y54cLjG2ycgM8tBtaMyBYab3QJ77BTRA/viewform?usp=pp_url&amp;entry.126247116=BT+Group,1
https://www.google.com/url?q=https://boobs-tits.com/wp-includes/fonts/ba/OneDrive_Solo/&amp;source=gmail&amp;ust=1587210002367000&amp;usg=AFQjCNECu6XKMm7Kzz63zfwqutEGvNACLg,1
https://docs.google.com/forms/d/e/1FAIpQLSflMmOLQ_GpcAoPvFOrQIHwElTIG0zT52Q5d4EPirPPCFxTUA/viewform?fbzx=-359523241694154764,1
https://docs.google.com/forms/d/e/1FAIpQLSd3adRO4WWvPzVCMO4S-LaAI7buVuL24_Of2JSWj-c9bI7Ehg/viewform,1
https://docs.google.com/forms/d/e/1FAIpQLSfnv6_wLJxb7sJvjQk6qvc7sBD4_19ExeMniOZK1Nv8r01eGQ/viewform,1
https://docs.google.com/forms/d/e/1FAIpQLSfnv6_wLJxb7sJvjQk6qvc7sBD4_19ExeMniOZK1Nv8r01eGQ/viewform?usp=send_form,1
http://docs.google.com/forms/d/e/1FAIpQLSflxxuI_0dV49fhRtRiIo5E1uN2RBMGgMLQI-6qGDZVNV-ZVQ/viewform,1
https://docs.google.com/forms/d/e/1FAIpQLSflxxuI_0dV49fhRtRiIo5E1uN2RBMGgMLQI-6qGDZVNV-ZVQ/viewform,1
https://docs.google.com/forms/d/e/1FAIpQLSeOU9x6ynbRNgWpjJJaVdYPJlJoxfGTZ_TK4xkXwVRuwZxW8A/viewform?usp=send_form,1
https://docs.google.com/forms/d/e/1FAIpQLSewSAOu995475v98Mr-6oVZ-e-M7KAyYlhP9-xnKN3DEXI4jw/viewform?usp=sf_link/,1
https://docs.google.com/forms/d/e/1FAIpQLScBeErfYysXDzA2OQbpaQv3bgg-BtaukXob7fgw3ocadQr7_A/viewform?usp=sf_link,1
https://storage.cloud.google.com/prprhrhprc.appspot.com/index.htm#oncall-infra@eqiom.com,1
https://docs.google.com/forms/d/e/1FAIpQLSfRZiR5LdzmJah8VeLedGm7IrwcpHGXdDmTpNvIK0JWqlnGnQ/viewform?usp=sf_link,1
https://docs.google.com/forms/d/e/1FAIpQLSel0WzlUSRy5Yq7D5GuYeKTGE6eCIY12-8pYpvhFYihnkOQ8g/viewform,1
https://forms.office.com/Pages/ResponsePage.aspx?id=Ihle7-A1oEi7afvzYwHAwS5XiqgZ8mFKm8p-86mqnr9UNDhLN1lQTEYzQVc1Tlk5MFozWVAwTkNKMy4u,1
https://www.instagram.com/pop_credicard_,1
https://docs.google.com/forms/d/e/1FAIpQLSdfApyhMjb0l4189xrQ-2n5GwmBYmpYtLVCUelkBZm6xVi9mA/viewform?usp=send_form,1
https://docs.google.com/forms/d/e/1FAIpQLSd0OEf0HWSokyWFlfZOgfZdQBBBQulMLwC-tf8uulrCCg1Maw/viewform,1
https://docs.google.com/forms/d/e/1FAIpQLSc7S2uktR-BLi6WowBvcNkUEnFxMjbQeOWenBmiKHnHHGTlvQ/viewform?usp=sf_link/,1
https://docs.google.com/forms/d/e/1FAIpQLSeJDr0dSUyYQypCPpZzyNaDpq0Q85HA1lvKNzLU1gV0VSkhHA/viewform,1
https://docs.google.com/forms/d/e/1FAIpQLSf6p_80yq92A-_us2SOfpHw2hCM5Zt6F6PhfT8JrAIbGfOMtg/viewform?usp=sf_link,1
https://docs.google.com/forms/d/e/1FAIpQLScXISYiw2s5HdQVVAmLX2_F2PcbV2FpVUfOlD-xTInYSURBUg/viewform,1
https://sites.google.com/site/sbserviceamcount/,1
https://docs.google.com/forms/u/1/d/e/1FAIpQLSeJDr0dSUyYQypCPpZzyNaDpq0Q85HA1lvKNzLU1gV0VSkhHA/viewform,1
https://docs.google.com/forms/d/e/1FAIpQLSc7sZFbAtRLtY4T0FTTuOC4HU63PLlbSsfXGrHZM8yYuvls_g/viewform?usp=sf_link,1
http://docs.google.com/forms/d/e/1FAIpQLSfgVWY26SZ_Aumb4Tj52fkdiZr979r97zbXoy45CT7ojbzUmQ/viewform,1
https://forms.office.com/Pages/ResponsePage.aspx?id=DQSIkWdsW0yxEjajBLZtrQAAAAAAAAAAAAMAACa_CgtUN0U1REs1S1RVU0ZaOUxGWVZLVVdGRjlYNC4u,1
https://docs.google.com/forms/d/e/1FAIpQLSf72tL4BtAPIbbcj7Pn7HXVS9G8qBBathGDYbQF8jmuGB74yA/viewform,1
https://docs.google.com/forms/d/e/1FAIpQLScgXF5lUeDBuXyhoq_3DMQtOgNWxp3vuPQ6e7jLKUbrZ024VQ/viewform,1
https://docs.google.com/document/d/e/2PACX-1vRW80GzYuAl8cKpkRFqFPDczpEXEGumfZc2dXMA839S00Nw8467Bw3uNpFtEJkb5v3gl2nrM_QkIL5W/pub,1
https://docs.google.com/forms/d/e/1FAIpQLSfh3XxPmodOJE_0gqGQQFjdsrKfOgq7KwoPoOh_PfQO2kr_Hg/closedform,1
https://docs.google.com/forms/d/e/1FAIpQLSdNMed5515uF5-pjpg3anHAd01lDXNTSJ5DSvT0_UQDKn7UdQ/viewform?usp=sf_link,1
https://sites.google.com/site/apzvrerevertions,1
https://docs.google.com/forms/d/e/1FAIpQLSfWC4VudrE_yb4zmcaRZim_P64BsxQhgPyyq9d4Vkezb9izbA/viewform?usp=send_form,1
https://docs.google.com/forms/d/e/1FAIpQLSfdtgSkAnw6HZqM4qwEPIDPbrzFBNLQToVNZnbCqvsIFQ3_Iw/viewform?usp=sf_link/,1
https://docs.google.com/forms/d/e/1FAIpQLSfAboVZ_KzeR_rPLO9B_MC_XOMwVmPlQNt4DthzlrCZrUYLQA/viewform,1
https://docs.google.com/forms/d/e/1FAIpQLScddH9Nzqjc3GPGnMtKRO0Mk9yygBu9w_0HG23B7zdC_mhARQ/viewform,1
https://docs.google.com/forms/d/e/1FAIpQLSeZFvg7zaZ2yoNGgcGTTsKsen9b9FW5e889zV6cCf1nI-pjvQ/viewform?usp=sf_link/,1
https://docs.google.com/forms/d/e/1FAIpQLScrf8K0oQ7fd2mJ0RnfYfMrQ4rXPWrLWAGxt7EsDfrX85trMQ/viewform,1
https://docs.google.com/forms/d/e/1FAIpQLSd08wmp1SF-hkstQ585jG92cHYG2d1atASMWsd-1IenSfxfVQ/viewform?usp=send_form,1
https://docs.google.com/forms/d/e/1FAIpQLSekwUouxEi9640l4LZTlzHvpQdDjLizaKFcZMPZjkwumCWmLA/viewform,1
https://docs.google.com/forms/d/e/1FAIpQLSfdtgSkAnw6HZqM4qwEPIDPbrzFBNLQToVNZnbCqvsIFQ3_Iw/viewform?usp=sf_link,1
https://docs.google.com/forms/d/e/1FAIpQLSfsxzzSPfakIZfToHFSh_jzAPENGjfHdtR6UVuTyRd4Hl11sw/viewform?usp=send_form,1
https://docs.google.com/forms/d/e/1FAIpQLSfsxzzSPfakIZfToHFSh_jzAPENGjfHdtR6UVuTyRd4Hl11sw/closedform,1
https://sites.google.com/view/embedded-fi/home,1
https://sites.google.com/view/embedded-f/home,1
https://docs.google.com/forms/d/e/1FAIpQLSf3DNTEXDz8P2bu08CDhBT60xIt7YtyfbIElW8ZoFlJfdNVtA/viewform,1
https://docs.google.com/forms/d/e/1FAIpQLSewrmF-CsvROby-keTRo5nDahy080pIY5-zH0ou4WWMEbarBA/viewform,1
https://docs.google.com/forms/d/e/1FAIpQLSebAEhrRe0Zq3hwzuBE5zULlDcCv6Zs6mSfE9TB4h6SDM6U1Q/viewform,1
https://docs.google.com/forms/d/e/1FAIpQLSdBpv3m7vhoj0LYOrvcVujRn8EfUv6lErsp9b_ZB8R_zvr_Ww/viewform,1
https://docs.google.com/forms/d/e/1FAIpQLScutJS36Nt_zzCvpQUt1Snm5Aiqd5XzOIHs80WdpV2XSoO2sw/viewform?usp=send_form,1
https://docs.google.com/forms/d/e/1FAIpQLSdqWD3x7OxNDT_QsdhnLK8b1jKP3-9_ypYh9lOClNUnZ90t_w/viewform?usp=send_form,1
https://docs.google.com/forms/d/e/1FAIpQLScQ1XNPfmw7NR9uVz5s00k0bqzaWMiGjXFMER70yLYVWSR_GQ/viewform?usp=send_form,1
https://docs.google.com/forms/d/e/1FAIpQLSe9qLtJvry-6_RSYwP16BL0UYP4Xp-vUFWMkPIgOVubJhf8RA/viewform,1
https://docs.google.com/forms/d/e/1FAIpQLScww73vYBfnjMeAmyfDZIXRPmQ2WIw0-wl8ZQQY_7E2NrBxGQ/viewform,1
https://docs.google.com/forms/d/e/1FAIpQLSddxXUiZJZhsEy8b0f57Yr4_19ycGrydH5V2edxgsK8cyrWpg/viewform?usp=send_form,1
https://sites.google.com/view/13plus13/home,1
https://docs.google.com/forms/d/e/1FAIpQLSfgripFjGdWix21jzXuMJDVfy9myjBOyAK31_AZC3m8uBmKhw/viewform,1
https://docs.google.com/forms/d/e/1FAIpQLSfDhDj2vAObFSYSCoOE8Rxrhd3UHjl-J29INDBrAz_Gutcimg/viewform,1
https://docs.google.com/forms/d/e/1FAIpQLScrWpy5iJddEveo24j9WviZwt5v2NnrUqZ_AdHvkQN-9hgpLQ/viewform,1
https://docs.google.com/forms/d/e/1FAIpQLSeXGPp1KOSTSvKLNDIjzeNi-4P7CljIqaqolPe24DD_VhVPJg/viewform?usp=send_form,1
https://accounts.google.com/ServiceLogin?passive=1209600&osid=1&continue=https://plus.google.com/%26&followup=https://plus.google.com/%26,1
https://forms.office.com/Pages/ResponsePage.aspx?id=DQSIkWdsW0yxEjajBLZtrQAAAAAAAAAAAAMAACa_CgtUQ0FPVFBFRkpNN0kxV08wRTVMOEkyMENBUS4u,1
https://docs.google.com/forms/d/1cZgev_gUshYuWrY7_od5LayQBSYFyy1XEZv4tw7gZio/edit,1
https://docs.google.com/forms/d/1cZgev_gUshYuWrY7_od5LayQBSYFyy1XEZv4tw7gZio/viewform?edit_requested=true,1
https://docs.google.com/forms/d/e/1FAIpQLSeG-wwId_89h2-4mouhFPXP0l8iabA49bLvjzO3xiqJAe35VQ/viewform,1
https://docs.google.com/forms/d/e/1FAIpQLSd1XzS4CuN3trH9Wv7BQkkZImD7sijcCqvA5PVd9ESvOb68aQ/viewform?usp=send_form,1
https://sites.google.com/view/supayu/inicio,1
https://docs.google.com/forms/d/e/1FAIpQLSdFnMJUN-B_-yMCROUrw84IAswgKLpkqs7VK_M5d_8jhjLGCw/viewform?usp=sf_link,1
https://docs.google.com/forms/d/e/1FAIpQLScpAEx3-dIDverXJtXmiU9jHq_DH2gXs2hk28T-ZO0Oj_rvBQ/viewform,1
https://docs.google.com/forms/d/e/1FAIpQLScSEAeV0ch3vQojROTTPRlwgb-RiMBaJffKbDeNRKLUgOrVfw/viewform,1
https://forms.office.com/Pages/ResponsePage.aspx?id=TDTUSTNlHEm59-pmb0_bSiRohC__Jc9LgcDFeK0aqShUMUdJNFIyNEhUUVNOQUUxSThNMEhFMVU3VS4u,1
https://sites.google.com/view/gmat-coaching-classes-adwords,1
https://sites.google.com/view/adwords-ppc-management,1
https://docs.google.com/forms/d/e/1FAIpQLSfDwn92QVW38Ss-20KziPdDCTGi6S6IH4nAsXeQlGTvdjh4eA/closedform,1
https://forms.office.com/Pages/ResponsePage.aspx?id=9mkL-UB4bEKSg-BMXXMbpMOBEAB-n85CvYZfHJASiU5URVdOQjA3Q1VRQlYyVEhTQU9VNTFHVElQTC4u,1
https://forms.office.com/Pages/ResponsePage.aspx?id=DQSIkWdsW0yxEjajBLZtrQAAAAAAAAAAAAZAAAFLubtUMFhEM0VLNFJUSzU4TktMNk9XOVZMQThYTC4u,1
https://docs.google.com/forms/d/e/1FAIpQLSdHovzK_cgIVYNewPdi3AYAWFpheWdi-9l0TfyoTX5Izm-Wyg/viewform?usp=send_form,1
https://docs.google.com/forms/d/e/1FAIpQLSd3rH7e6UxoMQfum_It7Ac82m5ZHMJ_SPQ-XSvyADOjN1xEmg/viewform?usp=send_form,1
https://docs.google.com/forms/d/e/1FAIpQLSeK3uTy-3-LLl2lYAHarbI5lIs9rEF3oISMK5N0hIefezQ_jw/closedform,1
https://docs.google.com/forms/d/e/1FAIpQLSdU9Z--CjdlzNe0g9F4GukE0DD2eLBF1Yu95Ryl70JXjtwAog/viewform?usp=sf_link,1
https://forms.office.com/Pages/ResponsePage.aspx?id=DQSIkWdsW0yxEjajBLZtrQAAAAAAAAAAAAYAAAyVznRUOFVXQ0ZWVDVRODFCSUtGWEkyMFo3TlJEOC4u,1
https://docs.google.com/forms/d/e/1FAIpQLSf9T1PvK5jBWpm2AI6fXbJFglWWMAQ5rtu3KkpEShxmqgwjKw/closedform,1
https://docs.google.com/forms/d/e/1FAIpQLSfgVWY26SZ_Aumb4Tj52fkdiZr979r97zbXoy45CT7ojbzUmQ/viewform,1
https://docs.google.com/forms/d/e/1FAIpQLSfMfZQ02QMy0DiUjTJGGeJV5XrN7Od5Ot_YLVRpiAOTK77A_w/viewform,1
https://docs.google.com/forms/d/e/1FAIpQLSd8XX4WeI_rSPQ_q4tbku_WAWoleC22zIEwXFhegh73hcsrgA/viewform,1
https://docs.google.com/forms/d/e/1FAIpQLSf3DNTEXDz8P2bu08CDhBT60xIt7YtyfbIElW8ZoFlJfdNVtA/viewform?usp=sf_link,1
https://docs.google.com/forms/d/e/1FAIpQLSf5upFBpxCw_aeYIHL4kPWtoI7Gv1skfDRN3-2QTuw9kW1cpw/closedform,1
https://play.google.com/store/apps/details?id=com.itau,1
http://www.google.com/url?q=http%3A%2F%2Funclekick.com%2Fadmin%2Fglobal%2FGlobalSources%2Ffiles%2Fpage.html&sa=D&sntz=1&usg=AFQjCNEWSISK9FrI2nB0XAuCoaj3Yufdag,1
https://docs.google.com/forms/d/1iLsSyRNj8G-mR_oT3Er6PHwKXCjZhaBBowGtyCWDDVI/viewform?edit_requested=true,1
https://docs.google.com/forms/d/1iLsSyRNj8G-mR_oT3Er6PHwKXCjZhaBBowGtyCWDDVI/edit,1
https://forms.office.com/Pages/ResponsePage.aspx?id=DQSIkWdsW0yxEjajBLZtrQAAAAAAAAAAAAYAAAyCQTVURjExWUxNSU4zNUVCTzRYWlY4QVIwT1FRSi4u,1
https://forms.office.com/Pages/ResponsePage.aspx?id=DQSIkWdsW0yxEjajBLZtrQAAAAAAAAAAAAMAANf70J5UMkk5T0gwTThLNlY2MFFPNzdZR0hQT0tLVi4u,1
https://docs.google.com/forms/d/e/1FAIpQLScmDgJ6QECrPzdeETEKkSdsI2DGBvCbVw-kBRQ6ypfnJhOATw/viewform,1
https://forms.office.com/Pages/ResponsePage.aspx?id=DQSIkWdsW0yxEjajBLZtrQAAAAAAAAAAAAZAAAFDyOxUREhCTzJDMjFRWjNTNDJEM0xENkNTMTdHMy4u,1
https://forms.office.com/Pages/ResponsePage.aspx?id=DQSIkWdsW0yxEjajBLZtrQAAAAAAAAAAAAMAACa_CgtUMlpUVFc1VENEU0ZWVENYU01aSlJNN0VFQi4u,1
https://drive.google.com/file/d/1HdVx7J89H5l7yz39iDGzhQji93JnkL_c/view,1
https://docs.google.com/forms/d/e/1FAIpQLSfwVzIvEGJwFxRBLY0IA3viOgNKkNne1ZmRZma0JF1rkp-2bg/viewform,1
https://docs.google.com/forms/d/e/1FAIpQLSeZFvg7zaZ2yoNGgcGTTsKsen9b9FW5e889zV6cCf1nI-pjvQ/viewform?usp=sf_link,1
https://docs.google.com/forms/d/e/1FAIpQLSd2RX2ZFfzT8dwVdewb50LgCce-UbnmvtKH31wrwS4imdUT0Q/viewform,1
https://docs.google.com/forms/d/e/1FAIpQLSeSzMl_R6LlGg41iXtNzt1DHYh_GMFaAcrh0F9xqDLFjUsPaw/viewform,1
https://docs.google.com/forms/u/2/d/e/1FAIpQLSdcKV83zFVZ8yKLvFFUWGYGSaUmGQutmVZLfM52JptejYLhQg/viewform,1
https://docs.google.com/forms/d/e/1FAIpQLSfz9D0hs5UuNvk8YIlGasl6UcKAOk1NzMtNp5c6JOLGC4L3YA/viewform?usp=sf_link,1
https://docs.google.com/forms/d/e/1FAIpQLSfzHsjVDnaH2glqVi9R_jhquixQxBP4K-Zg9ENl_BXUrtyF3g/viewform,1
https://docs.google.com/forms/d/e/1FAIpQLSeAnMaD2dsdT_aCRFqV7-CTgUBnDsmAsmSmSLihJBji_ep6UQ/viewform,1
https://docs.google.com/forms/d/e/1FAIpQLSeLU7dghlgKaPIokHBxT3yr_2a4HUOlyLChjaqw16SqveoWKw/viewform,1
https://forms.office.com/Pages/ResponsePage.aspx?id=DQSIkWdsW0yxEjajBLZtrQAAAAAAAAAAAAMAANf70J5UQTc4SEI3TkhYN1hGWlMxSlBVNVdDQzJPTC4u,1
https://forms.office.com/Pages/ResponsePage.aspx?id=DQSIkWdsW0yxEjajBLZtrQAAAAAAAAAAAAZAAADyM1FUOTFISFdaM1FJMk1KQjU3Rk82UVNHVFpTVC4u,1
http://forms.office.com/Pages/ResponsePage.aspx?id=DQSIkWdsW0yxEjajBLZtrQAAAAAAAAAAAAZAAADyM1FUOTFISFdaM1FJMk1KQjU3Rk82UVNHVFpTVC4u,1
https://docs.google.com/forms/d/e/1FAIpQLSebRz2v8JVkC5FWv9KBT0M8lTuGn2pu3_I3bJ8ROKsIlinAEQ/viewform?usp=send_form,1
https://docs.google.com/forms/d/e/1FAIpQLSevifEHTIUthmPVkWjZUcv6eIcuj7zupi-GieCuKCRa2HzyPQ/viewform?usp=send_form,1
https://docs.google.com/forms/d/e/1FAIpQLSeUU5RS3cacPEk7sGqTGtj4QMJ1i0dnrSywLRZGiS6PyzJvKg/viewform?usp=send_form,1
https://docs.google.com/forms/d/e/1FAIpQLScBZpiKSf0_QW_FV6yxNrpwxNp_H_ylMUF3UwICfIwvGyQ26g/viewform,1
https://docs.google.com/forms/d/e/1FAIpQLSeoeKkRLSnwU8nD31V1i9lvVGpRUKRmQeHwaTuEDa5uQ48sGg/viewform?usp=sf_link,1
https://docs.google.com/forms/u/2/d/e/1FAIpQLSdcKV83zFVZ8yKLvFFUWGYGSaUmGQutmVZLfM52JptejYLhQg/formResponse,1
https://docs.google.com/forms/d/e/1FAIpQLScvcL9W_pDj2-gtKlSbHcoh3iXPuEo7PlFrgJ3zHQHqTgyWJw/viewform,1
https://docs.google.com/forms/d/e/1FAIpQLSdHIqhShxP_RGSibRoHfQJb0-YQiVDUZLzGsyGpq7IINvY-Jw/viewform,1
https://forms.office.com/Pages/ResponsePage.aspx?id=DQSIkWdsW0yxEjajBLZtrQAAAAAAAAAAAAMAACa_CgtUNExJT1hFRFI1Nzk0N1lUTThSNzVJV0E2Uy4u,1
https://docs.google.com/forms/d/e/1FAIpQLSdhjjhKQWRPthJ5SgQzDin7ukmlGeGkxU8SLP4t16uPmmexOg/viewform,1
https://sites.google.com/view/pages-eror/help-center,1
https://sites.google.com/view/error-recovery/home,1
https://sites.google.com/view/ih3spaydt/?confirm.html,1
https://docs.google.com/forms/d/e/1FAIpQLSfGHbTZLusUCsZJAVRyvFfJNtQqMeG7SkaFAhOJBSXVa9oXOQ/viewform,1
https://forms.office.com/Pages/ResponsePage.aspx?id=DQSIkWdsW0yxEjajBLZtrQAAAAAAAAAAAAZ__gypJldUQVRaVVlQTEpNWlNJN1IyTUc0MFIxS0tFRC4u,1
https://forms.office.com/Pages/ResponsePage.aspx?id=DQSIkWdsW0yxEjajBLZtrQAAAAAAAAAAAAZAAAEi3rhUQ0FNUU5RMzNYUkY1T1gxMjFRU1UxV1VIUy4u,1
https://docs.google.com/forms/d/e/1FAIpQLSeFcNwk7ZgW3sHFN7g7CZhPMHPrBK9XVuSsGkFO0Bj9EjQ2iA/viewform?usp=sf_link,1
https://docs.google.com/forms/d/e/1FAIpQLSfvZr4_EOfmdLjiMEYf_YWblZSdslsPryx30Vd9IkF4sQi9dQ/viewform?usp=send_form,1
https://docs.google.com/forms/d/e/1FAIpQLSf2seeZjAcH3siY3k8w3Rqo_fuf1q7L7MiHQTpNtIl8wy3noQ/viewform?usp=sf_link,1
https://forms.office.com/Pages/ResponsePage.aspx?id=79zC40BZqUqWHsuMK8wI7iFmk8WscglBvPSK75lcq2FUNzlXOVUzRFM2VThPS0JFUzg1QVREVTkzMC4u,1
https://docs.google.com/forms/d/e/1FAIpQLSdbbW8RO6Ht_8cGFGzGwxQH49rqQl_AgK1POc0sSTg0Zr0xpQ/viewform,1
https://docs.google.com/forms/d/e/1FAIpQLSdanbh3hjjIZY6bkJqkZJCWBPIen3dAslBXOVqCUBUIir_1Rw/viewform,1
https://docs.google.com/forms/d/e/1FAIpQLSfk7lJkpwNT53s8yFLNx1u41orRJgq242i5_HsORyOyFijQMQ/viewform?usp=sf_link,1
https://docs.google.com/forms/d/e/1FAIpQLSdanbh3hjjIZY6bkJqkZJCWBPIen3dAslBXOVqCUBUIir_1Rw/viewform?usp=sf_link,1
https://docs.google.com/forms/d/e/1FAIpQLSeynrBv9ZQn-fbZyqw_euxJTIUPUFjOxD_3ZWnrskPA3vk8Hg/viewform,1
https://docs.google.com/forms/d/e/1FAIpQLSdZ5l3Aon1GSoa-jSkPIof1ul1HD3Tj4gV0VQlIqwIwuO_Oxg/viewform?usp=send_form,1
https://docs.google.com/forms/d/e/1FAIpQLSdEr2PhxoGZLZxdomg6Qzw-wA2TCC-xOkTUl9WlN-R8QvrH0w/viewform,1
https://forms.office.com/Pages/ResponsePage.aspx?id=DQSIkWdsW0yxEjajBLZtrQAAAAAAAAAAAAZAAAETS9FUN1NFNTAzOVRQN1lBWTdZRzlWQUMyNzE0My4u,1
https://docs.google.com/forms/d/e/1FAIpQLSchWg7hXTeSRE1yTbSTZ4SxD7tiNFd3PIBut28JwHJJU6azMg/viewform,1
https://docs.google.com/forms/d/e/1FAIpQLSfQ2xRHujHG80WHUnz_Iuh-NYmZJUW61-RMDYjqBRzurK6XQg/viewform,1
https://docs.google.com/forms/d/e/1FAIpQLSfZoHIbUa2CXpjhrQvhLFck01RL6L2_F6Mnd2TzxFkDzBSr_g/viewform,1
https://docs.google.com/forms/d/e/1FAIpQLScgFmbL_G3PNr0WnhSNLHNpGJSXPzTuiHFrHn4Z1cdiVkX6Eg/viewform,1
https://docs.google.com/forms/d/e/1FAIpQLSfXrZXwjufyFZueBcb4FlfnylF7qPRxCSvBKkwMChoy6CUM6A/viewform?usp=send_form,1
https://docs.google.com/forms/d/e/1FAIpQLSfNJsl9rY7bzZEpaqRMOPr8RExeascTH2WVNf_dBQNzxhF-tw/viewform?usp=send_form,1
https://docs.google.com/forms/d/e/1FAIpQLSe3oA--ZNrs9puJYqdEQGaKobVyRGVcskW9O3_RBphjXTYK7A/viewform?usp=sf_link,1
https://docs.google.com/forms/d/e/1FAIpQLScurKbMU5jOTDCnnx30qXJfIcJlvjDSwIgqI-IV2LNxfw-aNg/viewform,1
https://forms.office.com/Pages/ResponsePage.aspx?id=DQSIkWdsW0yxEjajBLZtrQAAAAAAAAAAAAZ__gy-0YdURTg3Mzc4WFIxVEQ3WDNBQVFOVDBHVkxMTC4u,1
https://docs.google.com/forms/d/e/1FAIpQLSfkoBo05nZCTS8CBcep5gMsWnodxXpT1EvMDtQR5YZx2o6VlA/viewform?usp=send_form,1
https://drive.google.com/file/d/1rngxZ2sujNVYSoKmCvjpUZyljRdSeTVc/view?usp=sharing_eil&ts=5e457ab9,1
https://docs.google.com/forms/d/e/1FAIpQLScRSMi7Yivz8IYJ-bxL0GvtyhVodzXaq15fRcXyFz4YljtHKA/viewform?usp=send_form,1
https://drive.google.com/file/d/1d47d5ZH0cXUcg1UUpib1hyg9mhhE0ziq/view,1
https://docs.google.com/forms/d/e/1FAIpQLSdE0AB7s2Dd33j9uEWQrIz4Jw1mRmh2G6LnnxZ0EWqjzTgxtw/viewform,1
https://forms.office.com/Pages/ResponsePage.aspx?id=DQSIkWdsW0yxEjajBLZtrQAAAAAAAAAAAANAASH00U5UM0JMRk5FVlZaTFpHNDdJSlhCT0tQOFZDVy4u,1
https://docs.google.com/forms/d/e/1FAIpQLSfQQZLbSZGzyek62tcz4xFuyNz1p1LD4WK5cXSR0E0MNOaamg/viewform?usp=sf_link,1
https://docs.google.com/forms/d/e/1FAIpQLSf9JA2O0gz0rKSmrCbxX0d2P_cumXXJEMVzfw522p2R5uS3IQ/viewform?usp=sf_link,1
https://forms.office.com/Pages/ResponsePage.aspx?id=DQSIkWdsW0yxEjajBLZtrQAAAAAAAAAAAAO__SfnBXlUQlBCTExONFc4OEVGNEFCUFYwM1FJTjU5SS4u,1
https://docs.google.com/forms/d/e/1FAIpQLScpa8zgy_b8Ph6q-nGOr9tUTN322gORVbbYVcS6PI5br5p7sQ/closedform,1
https://sites.google.com/view/taquetti/p%C3%A1gina-inicial,1
https://docs.google.com/forms/d/e/1FAIpQLSe9VpsoDjFkAC-iyyL1gGzcL88SVlsVkGE9xqsQ3U-WQ6VVTQ/viewform?usp=send_form,1
https://docs.google.com/forms/d/e/1FAIpQLSdM6F6R3CwOWNX6dpaLv0hYd1NIAZTKxdzCoftTTHXZlTuFHg/viewform?usp=send_form,1
https://docs.google.com/forms/d/e/1FAIpQLSest8_RWxM6Ce6JgWC0cVwlL6RW70WuaxhHFHqzpcIF3QzXPg/viewform?usp=send_form,1
https://docs.google.com/forms/d/e/1FAIpQLSdSGUz5acr7fg2H1Awh6fvhkpDBl2tVek4x8Umeg5r167kdMQ/viewform?usp=send_form,1
https://forms.office.com/Pages/ResponsePage.aspx?id=DQSIkWdsW0yxEjajBLZtrQAAAAAAAAAAAAZ__gyeyAVUNjVRV1NONjVHS0c4QVkwMFA3QlhURk5ZSC4u,1
https://forms.office.com/Pages/ResponsePage.aspx?id=DQSIkWdsW0yxEjajBLZtrQAAAAAAAAAAAAO__SfhLd5UQVRIRlZGNTk0U1ZSQzYySFAwWVBBVU85Ni4u,1
https://docs.google.com/forms/d/e/1FAIpQLSfJAZitpKmMs1UP1HxFCPJttf1NMoTaT2U1hsi3xhwKrauSiw/viewform,1
https://docs.google.com/forms/d/e/1FAIpQLScNUHm7wIJRT4nCgHF1u7HLjgC8fZbdA9VaxwCBkeRQBobyQA/viewform?usp=sf_link,1
https://docs.google.com/forms/d/e/1FAIpQLSeqsYYmqxPWA6ZH67QMZVda7esy11IHhirOVqdg8vFB8BxFBw/viewform?usp=send_form,1
https://forms.office.com/Pages/ResponsePage.aspx?id=bU78ampJJEeWRm5mBE2YjjU5rLuqQzBMpxmzObIGUOtUM05aRFRRR1BMMFhNQlVUMlpHTlFNRlg2MC4u,1
https://forms.office.com/Pages/ResponsePage.aspx?id=DQSIkWdsW0yxEjajBLZtrQAAAAAAAAAAAAYAAAwk7SNUN0QyNEUwR0NYNTg0R1NWQ05CN08wWEFERy4u,1
https://docs.google.com/forms/d/e/1FAIpQLSd_uFmuC1h1K59CsQK4tq_qfsX-K1r2tsR075OQvGStE4cWyQ/viewform?usp=send_form,1
https://forms.office.com/Pages/ResponsePage.aspx?id=DQSIkWdsW0yxEjajBLZtrQAAAAAAAAAAAAa__QtvBaJUNVZaMTFCVlQ4Q0YxM05PMkVWTllIMzdNWC4u,1
https://docs.google.com/forms/d/e/1FAIpQLSfsySrvJXms2_dLOEYXhveap0TMAYPl94Fosq8vvwMG2MSQtA/viewform?usp=sf_link,1
https://docs.google.com/forms/d/e/1FAIpQLScWCsH_Hzs9Vbuy8eBI9HDEd6rNQndfZFph5b4ehFs_KpJfiQ/viewform?usp=sf_link,1
https://storage.cloud.google.com/user517497679326978.appspot.com/index.html#samsnow@tjsnow.com,1
https://docs.google.com/forms/d/e/1FAIpQLSdJWcPjYxXEGuiN31yXwKADe3BSVTBDpRaUyl_aSU2pkQShgQ/viewform,1
https://storage.cloud.google.com/user517497679326978.appspot.com/index.html,1
https://accounts.google.com/ServiceLogin?service=cds&passive=1209600&continue=https://storage.cloud.google.com/user517497679326978.appspot.com/index.html&followup=https://storage.cloud.google.com/user517497679326978.appspot.com/index.html,1
https://docs.google.com/forms/d/e/1FAIpQLSevlkJ-wXfflM6xAQG7QiRAy3wchHhL_MdM62EpEbGN8qoVfQ/viewform,1
https://forms.office.com/Pages/ResponsePage.aspx?id=DQSIkWdsW0yxEjajBLZtrQAAAAAAAAAAAAa__Qth0URUODZXSEVZMVlDSEpNVkJOTUdJM1E0Nk9EVy4u,1
https://docs.google.com/forms/d/e/1FAIpQLSfMmCFJLocZkYhicn0QV8I-Q8GXtJN4oMPsJ01B4jlQPGj-EA/viewform,1
https://docs.google.com/forms/d/e/1FAIpQLSe0N4abrDaL96l2vgkv-kIbDFTLpQDztTdwI9qlmYZfpyB9qQ/viewform,1
https://forms.office.com/Pages/ResponsePage.aspx?id=DQSIkWdsW0yxEjajBLZtrQAAAAAAAAAAAAYAAAvwMWlUMDQ4M1dONkpaSDZHWEhKVURPTzdMNDI2VC4u,1
https://forms.office.com/Pages/ResponsePage.aspx?id=DQSIkWdsW0yxEjajBLZtrQAAAAAAAAAAAAYAAAwFf7hUMUtDUk85RUwzN0hCOVk4N0E3NUNYOVIzVy4u,1
https://docs.google.com/forms/d/e/1FAIpQLSf1ysR-9jY-n2HSH6rTXRsvXrsvi2yRraqueYlGpTSMvr2W7w/viewform?usp=send_form,1
https://docs.google.com/forms/d/e/1FAIpQLSdkyKTAlJLR1BRGemiKvnGcnTysunwSyOyKmLJ8yQINN54ALA/viewform?usp=sf_link,1
https://docs.google.com/forms/d/1at1SzJcIZCVZpxiGP7kdqCQNldrhvbQrAEpHKdThdZQ/viewform?edit_requested=true,1
https://sites.google.com/view/1qhkdgd/?confirm.html,1
https://forms.office.com/Pages/ResponsePage.aspx?id=DQSIkWdsW0yxEjajBLZtrQAAAAAAAAAAAAMAACa_CgtUQ00xQlhSR1hIWElUN0RWWE0yMTFJMDAwNS4u,1
https://docs.google.com/forms/d/e/1FAIpQLSclbkbRSLykpwL545fLmzsTHcfuduQf-H-atohlo84aUCZlDw/viewform,1
https://docs.google.com/forms/d/e/1FAIpQLSdmhMrGUsu9Z2rQ2L1UZ7vHGsBUXmHyw_WsnRZe_mRzFPZz3w/viewform,1
https://forms.office.com/Pages/ResponsePage.aspx?id=DQSIkWdsW0yxEjajBLZtrQAAAAAAAAAAAAYAAAve1lJUMkJaRDBXN0pLMkRBN1NSN1ZTUEZCVjhROS4u,1
https://docs.google.com/forms/d/e/1FAIpQLSdeFq9JFITlsN0QSoGjTuNoNyv2Htj9mQaQWbVvZVJzKgLBCg/viewform,1
https://docs.google.com/forms/u/5/d/e/1FAIpQLSfiZwyb1yHYsI3OSNwxImyBx8G7PqYBL1cWZ_KdhUP2epdARw/viewform,1
https://storage.cloud.google.com/officpcpspbcncuser.appspot.com/index.htm#jbell@legalshield.com,1
https://accounts.google.com/ServiceLogin?service=cds&passive=1209600&continue=https://storage.cloud.google.com/officpcpspbcncuser.appspot.com/index.htm&followup=https://storage.cloud.google.com/officpcpspbcncuser.appspot.com/index.htm,1
https://docs.google.com/forms/d/e/1FAIpQLSdPQKkmGs4sAk2SfJan6PEy8aIOOuRP88N1mIyRFqETiRPEjA/viewform,1
https://docs.google.com/forms/d/e/1FAIpQLScL6L9TaPWaz0nJqHOBCupc-iHfQPWYVeKqZdHklbfgiVTy_Q/viewform,1
https://forms.office.com/Pages/ResponsePage.aspx?id=DQSIkWdsW0yxEjajBLZtrQAAAAAAAAAAAANAASCwyhFUNEo1TTNFMjZJSTRQNTFaU0VEVEJRVEEzMS4u,1
https://forms.office.com/Pages/ResponsePage.aspx?id=DQSIkWdsW0yxEjajBLZtrQAAAAAAAAAAAANAASEDM8VUM1ZRRk9ZV1JZSjlVQVRaWFgyRTBXVTJBOC4u,1
https://forms.office.com/Pages/ResponsePage.aspx?id=DQSIkWdsW0yxEjajBLZtrQAAAAAAAAAAAAMAACUhHH9UMEFYM1hJMkRHQk4yQURJRTRLN1lEREVFQi4u,1
https://docs.google.com/forms/d/e/1FAIpQLSd4oZAegNHS68J8TXx1Ai5MHV3E60PpNbcRKU3FaOGDdAWxIw/viewform,1
https://docs.google.com/forms/d/e/1FAIpQLSfYjPrmB9AYJnyX7PFozQp5vVs4OvuyA64NmViiD7pefbKK-g/viewform?usp=sf_link,1
https://docs.google.com/forms/d/e/1FAIpQLSdLA7Rcik12P1Gl_ZqYGkPTkDMtE7TRjU8FB2dX8Lwl7q6flg/viewform,1
https://docs.google.com/forms/d/e/1FAIpQLSeqHGuXSe_YtdcwKHJ43yHYHjUi_UDDbqOgg_mE-ZsacXqegQ/viewform?usp=pp_url,1
https://www.google.com/url?q=http://wwww.zahoowholesale.us/mps&amp;sa=D&amp;ust=1578261372142000&amp;usg=AFQjCNGHV6ktgFAZ-wMI0l1LB8agakkeIA,1
https://twitter.com/itauvantagens,1
https://forms.office.com/Pages/ResponsePage.aspx?id=DQSIkWdsW0yxEjajBLZtrQAAAAAAAAAAAAO__Sa0JrJUNVJFUDVDWlA2SzU4STFUTkZLVTFNSk1EUC4u,1
https://docs.google.com/forms/d/e/1FAIpQLSdsl03dp6KcTO1Vg1XgsWlxYqfpYL86bkliP6OlkUbaqqUd0Q/viewform,1
https://docs.google.com/forms/d/e/1FAIpQLSc4eNrhqQPe0jt5wsy3yoN1fAx7gyMOa8ifrJNgdQYscjxzAQ/viewform,1
https://docs.google.com/forms/d/e/1FAIpQLScq5VuZ98zL9mh341AaAzgMNHvEh8Luuka_eoZOV_DtRcjCoA/viewform,1
https://docs.google.com/forms/d/e/1FAIpQLScDR4NJ-XgQVSsUxhWgigZBulGcOm0tcoyBfChcq6WR02l-8A/viewform,1
https://docs.google.com/forms/d/e/1FAIpQLScVPZ8NVLchWNg5BkBnwBy1bWWTEkrbHXI5NCUYAoRLNHDUaA/viewform,1
https://docs.google.com/forms/d/e/1FAIpQLSfZoQj0hPNeLHOL4U-gVzenUK-rL7syv5VsIZayCWR5LNOYIA/viewform?usp=sf_link,1
https://docs.google.com/forms/d/e/1FAIpQLSctckkq1Rgsd5xh34sannTZy2nXlFMN-5CKkye5kW2DN9EX_A/viewform?usp=sf_link,1
https://forms.office.com/Pages/ResponsePage.aspx?id=DQSIkWdsW0yxEjajBLZtrQAAAAAAAAAAAAO__SRWMhxUREtYNE5NRjdKQ0daSjZNUjM2MDhMSFlKVy4u,1
https://docs.google.com/forms/d/e/1FAIpQLSdc49S2_XREFJvs76c2kt7gtyg9F6yuUtK1gdRMxeih-GtCFg/viewform,1
https://docs.google.com/forms/d/e/1FAIpQLSdpIpsil0apCB2MUtHhBlQ8dohWbIZxDIDWRhlzyvrQ5KbXjQ/viewform,1
https://docs.google.com/forms/d/e/1FAIpQLSedVg-99vWJD276542F30w-NC6D2W9ZtLR077sNcpThEXjRTA/viewform?usp=sf_link,1
https://sites.google.com/site/suportunblockscuritycentre/,1
https://sites.google.com/view/cash4carsgta/home?gclid=EAIaIQobChMI1eSI0by_5gIVRflRCh0Q7QqqEAAYASAAEgI5zvD_BwE,1
https://docs.google.com/forms/d/e/1FAIpQLSeKZFbpf2mjey7Td5ncC5bRyRAskVPOqY1eFZe-RJdmk_vCzw/viewform?usp=sf_link,1
https://docs.google.com/forms/d/e/1FAIpQLSe9p5EsRENqg2qNAWJB0VVya5MqJsYbMBKqYSwzhg5VbqE8tQ/viewform?usp=sf_link,1
https://docs.google.com/forms/d/e/1FAIpQLSfbn_Y9kG_6StqS4c4AFUfbB8QVM2yu73MLIVXAKc7_v01wYA/viewform,1
https://docs.google.com/forms/d/e/1FAIpQLSff8aJ7KBxKd8HpfSLK-Ylk0z6LJGGhGgEAnI-X3p6gM3qPcQ/viewform,1
https://forms.office.com/Pages/ResponsePage.aspx?id=vA7_YPHexkuugoZfT63yIlweCXKZdVZCi3JeFJc-4CtUNFNKUTVRSTlRMDA2RFE4U01WTTVIUEVRMi4u,1
https://sites.google.com/site/e9d24c72/23524457,1
https://sites.google.com/sunpathelectric.com/sunpathelectric/home?gclid=EAIaIQobChMIi7-FxMO35gIVEM-yCh0PSQukEAAYASAAEgKQLfD_BwE,1
https://forms.office.com/Pages/ResponsePage.aspx?id=DQSIkWdsW0yxEjajBLZtrQAAAAAAAAAAAAZAAAA1cpBUMk1MMUNRUE9OVDBFUkRYTUZBR1ZGR01CTS4u,1
https://docs.google.com/forms/d/e/1FAIpQLSfyRCE4UhkQCMsyApbTb2HH_dAnbHPXBnYuGCYeMoaKavieDw/viewform,1
https://storage.cloud.google.com/rqraaqqax3xa.appspot.com/index.htm#no@nope.com,1
https://docs.google.com/forms/d/17cz8HIjaUllapQ6gTaMm4MlOhbNvhrakrn2zJhtgW2g/viewform?edit_requested=true,1
https://forms.office.com/Pages/ResponsePage.aspx?id=DQSIkWdsW0yxEjajBLZtrQAAAAAAAAAAAAYAAAtO8xNUN0I3TVNRQkRWMzRVQkxXTzJJVEdSU05UTC4u,1
https://sites.google.com/site/myetherwalletbountyetherwallet/home,1
https://forms.office.com/Pages/ResponsePage.aspx?id=DQSIkWdsW0yxEjajBLZtrQAAAAAAAAAAAAN__idhXlRUOFNDUlBKV1YxUVA0MVpBSDJYNk02VTQ0WS4u,1
https://forms.office.com/Pages/ResponsePage.aspx?id=DQSIkWdsW0yxEjajBLZtrQAAAAAAAAAAAAMAACUhHH9URjBFUlZFVUlPNThXNlJGQUY0TDRPMUlFRy4u,1
https://docs.google.com/forms/d/e/1FAIpQLSfLkPc20LVupVGCJ1ANh3fdEbKD4Ji9_oV0dB6rrcoc4VPazw/viewform,1
https://forms.office.com/Pages/ResponsePage.aspx?id=DQSIkWdsW0yxEjajBLZtrQAAAAAAAAAAAAZ__guylChUNFcxT0pRVURNSEZCRTM4VDEyTklCWUIyTC4u,1
https://forms.office.com/Pages/ResponsePage.aspx?id=DQSIkWdsW0yxEjajBLZtrQAAAAAAAAAAAAYAAAs-LA5URVMwQVQyVUFJMVBOMU5VSVBCUDYwVEZWSi4u,1
https://docs.google.com/forms/d/e/1FAIpQLSfBCLKhk4Mz-wlagvVSxf7-8dMOEtdOtBiUwiJvJVckUZplcQ/viewform?usp=sf_link,1
https://docs.google.com/forms/d/1lyMxFE-ZrEYgGzxTapkH2tHLzZPI_BzkXdy1aKAtmmI/viewform?edit_requested=true,1
https://docs.google.com/viewerng/viewer?url=proxy.ge.tt/1/files/3TjrVuz2/0/blob?referrer%3Duser-KVYb2OoFmfAhwCPi9848dnJz998CgbBZsZv913-%26pdf,1
https://forms.office.com/Pages/ResponsePage.aspx?id=UCuXCxtdoU2GOz1lrb39F18HVS8POkVJkUGvzz4uwvxUMFlBRjAyWE1HQ0Q3Tlo3SDJCVjFQMDdBRC4u,1
https://forms.office.com/Pages/ResponsePage.aspx?id=DQSIkWdsW0yxEjajBLZtrQAAAAAAAAAAAAO__SPB8HhURDNONDhFOUw3NDlaVjdYRFdDWjlZSEdSVS4u,1
https://forms.office.com/Pages/ResponsePage.aspx?id=DQSIkWdsW0yxEjajBLZtrQAAAAAAAAAAAANAAdKWe9JUMllWSTgxMTdHVEtGNjBQN0dFVlFIUzJSMS4u,1
https://docs.google.com/forms/d/e/1FAIpQLSeGHsjIuQFdk4kMZyWuHkjsab1tKNoi-aQWH_YY1YxUUN2P4w/viewform,1
https://forms.office.com/Pages/ResponsePage.aspx?id=DQSIkWdsW0yxEjajBLZtrQAAAAAAAAAAAAO__SVKZ5xURjNLVUg3NEtWSzExNUdQOVdYUDA2TDYxRC4u,1
https://forms.office.com/Pages/ResponsePage.aspx?id=DQSIkWdsW0yxEjajBLZtrQAAAAAAAAAAAAO__SWEyulUMUxNWlBYTVhLNU5WSTYzVkVIREdWSkZCWS4u,1
https://www.google.com/url?sa=t&rct=j&q=&esrc=s&source=web&cd=1&cad=rja&uact=8&ved=0ahUKEwjkpcrmsYzVAhXNb1AKHfpSD0gQFggoMAA&url=https%3A%2F%2Fwww.airbnb.com%2Flogin&usg=AFQjCNGlhXvjMilGJPcS296bPLIIDTjQzw,1
https://forms.office.com/Pages/ResponsePage.aspx?id=DQSIkWdsW0yxEjajBLZtrQAAAAAAAAAAAAO__ST2w_BUNDEwNVFFVUdVUU1BNjQ2SFBZTUsxWE1RNC4u,1
https://docs.google.com/forms/d/e/1FAIpQLSdB5iNfAt4IARhPW_vjUT4taPefGCMk3no-cdwyn0KBrvBtcA/viewform,1
https://docs.google.com/forms/d/e/1FAIpQLSfrO0-AlXWI8EaWMSnGaeFTduF-0g0z5-1KPyb3XgH7s41MrQ/viewform,1
https://storage.cloud.google.com/rqraaqqax3xa.appspot.com/index.htm#memberservices@legalshield.com,1
https://forms.office.com/Pages/ResponsePage.aspx?id=DQSIkWdsW0yxEjajBLZtrQAAAAAAAAAAAAYAAAo2YYRURFFaVkw1U1lWUlBaWlBQWEVZQTJKMUlITy4u,1
https://docs.google.com/forms/d/e/1FAIpQLSek0cPdTXaKPZGPNBXCvlYSJAh3Xaxy6oYAQ0nANiEfgcAV9Q/viewform,1
https://docs.google.com/forms/d/e/1FAIpQLSf6qfu4eBvvGGGQaIyAbT2bjXCwVRfjbSnIRReC6w8EQvjEkw/viewform,1
https://forms.office.com/Pages/ResponsePage.aspx?id=DQSIkWdsW0yxEjajBLZtrQAAAAAAAAAAAAN__idQX2lUQkVDQzFCVFpIUlhRVzBISFNGWEFQSzNRMC4u,1
https://forms.office.com/Pages/ResponsePage.aspx?id=DQSIkWdsW0yxEjajBLZtrQAAAAAAAAAAAANAAR9RmLtUMDg1STlHR0dFMlJZUVQ2M0gzODVTME5TMy4u,1
https://docs.google.com/forms/d/e/1FAIpQLSe1k8J6bnAQ_ZdmDg817VoUUpdkTWylZOh3TLKqqs-9pGsn_g/viewform,1
https://www.google.com/url?q=http://mobile.msufcu.org/moep/?mode%3Dlink%26u%3D5%26m%3D1566446912%26s%3D%257B%5Bmsg_mbr_id%5D%257D&amp;source=gmail&amp;ust=1572381554271000&amp;usg=AFQjCNEQict6g0liZcXgtb-b_qidUpbWDg,1
https://docs.google.com/document/d/e/2PACX-1vQIh1x9jaWLZ3sIEu2xmppzhZTZazh8vs46yzuN7JcWpiLP-hsV57bpGYmnaJNjwUkZwwOnJchRR0Lw/pub,1
https://docs.google.com/forms/d/e/1FAIpQLScB-ck43iaBrukq-rTijaHHVLreYAi4PP8d1yu4ph1mOazQIQ/viewform,1
https://docs.google.com/forms/d/e/1FAIpQLSd8PwJ0urcuN-J-97ONvbNKgTGoDxjmFI-Xl8bcjptdhTZUUA/viewform?usp=send_form,1
https://forms.office.com/Pages/ResponsePage.aspx?id=DQSIkWdsW0yxEjajBLZtrQAAAAAAAAAAAAZ__tB0BD5UOURKMzNGMDNNVkdFTFRBRUZDS1hUMFVPMi4u,1
https://forms.office.com/Pages/ResponsePage.aspx?id=DQSIkWdsW0yxEjajBLZtrQAAAAAAAAAAAAO__SEYwchUNEhDTzM5VjAyVjZKMlVRS0VWNVBNUjhNMy4u,1
https://forms.office.com/Pages/ResponsePage.aspx?id=DQSIkWdsW0yxEjajBLZtrQAAAAAAAAAAAAZ__gsF4_ZUOFRWV1IxS0FKWVZXVjhFMEkwMzRLVVBRRi4u,1
https://forms.office.com/Pages/ResponsePage.aspx?id=DQSIkWdsW0yxEjajBLZtrQAAAAAAAAAAAANAARZinhFURFkyTlZNNVQ2R0FUMFhISEpTN0I2SjdCSi4u,1
https://storage.cloud.google.com/user7773578ixh1092839.appspot.com/index.html#estewart30@legalshield.com,1
https://forms.office.com/Pages/ResponsePage.aspx?id=DQSIkWdsW0yxEjajBLZtrQAAAAAAAAAAAAZ__gs1jIBUMzJHWkEzSDZVWVZENDNNWlY0R0ZKMjRMTC4u,1
https://forms.office.com/Pages/ResponsePage.aspx?id=DQSIkWdsW0yxEjajBLZtrQAAAAAAAAAAAAO__SNRwtpUQjVENEcwQkZBNFdFR1JKU0NKQjlWRzdSRC4u,1
https://docs.google.com/forms/d/e/1FAIpQLSf_3g85TZYuLBJSlRfX7DQwGbagGm-DD2K0QHDIvaAR1_7XSA/viewform,1
https://docs.google.com/forms/d/e/1FAIpQLSeRjLXgDuKwAtaoiQ24FRcNMnnL5xArTWn4LNT3YtxWOu57mg/viewform?usp=send_form,1
https://drive.google.com/file/d/1uX4SJKJ2TtKdl63pqON1jY6e4YX4fHR-/edit,1
https://drive.google.com/file/d/1uX4SJKJ2TtKdl63pqON1jY6e4YX4fHR-,1
https://docs.google.com/forms/d/e/1FAIpQLSeuANMUDRkBIOcGULkaFh9e8o3oQQkNNN8raQtcVxcmWDjIfg/viewform,1
https://forms.office.com/Pages/ResponsePage.aspx?id=DQSIkWdsW0yxEjajBLZtrQAAAAAAAAAAAAYAAAUNXyRUMTZMRlNNV1hWVFdWR1ZINVZUTFRTVkE0Ty4u,1
https://docs.google.com/forms/d/e/1FAIpQLSfvhIU3fhkqCJA01H95H7OIj_OGdvw9K6C7VdJpJneO0vZjPg/viewform,1
https://storage.cloud.google.com/user7773578ixh1092839.appspot.com/index.html,1
https://storage.cloud.google.com/user7773578ixh1092839.appspot.com/index.html#john.smith@gmail.com,1
https://accounts.google.com/ServiceLogin?service=cds&passive=1209600&continue=https://storage.cloud.google.com/user7773578ixh1092839.appspot.com/index.html&followup=https://storage.cloud.google.com/user7773578ixh1092839.appspot.com/index.html,1
https://drive.google.com/file/d/1BCdyItW2VO5JP6YrbDMiY8cfRKCF4tby/view?usp=drive_web,1
https://docs.google.com/forms/d/e/1FAIpQLSdqCooR5Hd4NVnL0epCI6aq2wC-mk2BFrIzvC5J71phhWxYUg/viewform?usp=send_form,1
https://drive.google.com/file/d/1ik3UxH3RDigwAr7D269WVkoWp17Cci1n/edit,1
https://drive.google.com/file/d/1FDGS5g6FQQKUDcL2mEyM63Ua3yU0O-tB/view?usp=drive_web,1
https://drive.google.com/file/d/1tTAA6M96XsZ9kxQA0ZY3mZoIRfmBSPKD/view?usp=sharing,1
https://drive.google.com/file/d/1kNolZ4xw7mgnCSjYsbomy_y4zxlk6zlD/view?usp=sharing,1
https://script.google.com/macros/s/AKfycbwC6Y7yUxMTI0kR8e5D3m62ucmsUhKIHk-zZxby7XNGXEoPneYy/exec,1
https://drive.google.com/file/d/1QF58H-1LUNq1PubplWDhwd3UOOj_VjxA/view,1
https://docs.google.com/viewerng/viewer?url=proxy.ge.tt/1/files/8tNpiBy2/0/blob?referrer%3Duser-uR6z6NgiUCtfxJqXnhc2bXYONVSMVcncQdrvc-%26pdf,1
https://forms.office.com/Pages/ResponsePage.aspx?id=DQSIkWdsW0yxEjajBLZtrQAAAAAAAAAAAANAARyyl4VUMTlKUkJFTEI3UFRSQlJXSUVYVkYyRzlNNy4u,1
https://forms.office.com/Pages/ResponsePage.aspx?id=DQSIkWdsW0yxEjajBLZtrQAAAAAAAAAAAAYAAAlzmThUOURLQ0VQTVFDT0U3WlhFREtFVkhIR0pVWS4u,1
https://drive.google.com/file/d/1fsvmjkcQ7eNnRSFDUfkCXShfhNdA_FuI/view,1
https://forms.office.com/Pages/ResponsePage.aspx?id=DQSIkWdsW0yxEjajBLZtrQAAAAAAAAAAAAN__iRYFuZURVNGMFBTVDZFMjFGUFhVWkM3RzZaR1JVNS4u,1
https://forms.office.com/Pages/ResponsePage.aspx?id=DQSIkWdsW0yxEjajBLZtrQAAAAAAAAAAAAMAABxPdKJUMklJWjZSNVpDUEc1TUtMUVpQQTNLUFNWUC4u,1
https://www.google.com/url?q=http://cezmex.com/New/latest-onedrive/&amp;source=gmail&amp;ust=1567613238478000&amp;usg=AFQjCNFNxMH77yvrqzI7jUygTIucv-Jk5g,1
https://drive.google.com/file/d/1jIXB69T_Nw9tMKHvfrejKfZOf3D-IJeT/view,1
https://www.google.com/url?q=http://polaroidevents.pk/wp-content/uploads/2019/02/update?email%3D%5B%5B-Email-%5D%5D&amp;source=gmail&amp;ust=1566559101359000&amp;usg=AFQjCNFoELb10r4TuDvN0X1e6MR2THi40g,1
https://sites.google.com/site/recoveryfbconfirmcontactus,1
https://sites.google.com/site/recoveryfbblocking,1
https://sites.google.com/site/libretyreserve,1
https://www.google.com/a/ualberta.ca/ServiceLogin?service=jotspot&passive=1209600&continue=https://sites.google.com/a/ualberta.ca/sites/system/errors/WebspaceNotFound?path%3D/new-work-application&followup=https://sites.google.com/a/ualberta.ca/sites/system/errors/WebspaceNotFound?path%3D/new-work-application&ul=1,1
https://click.email.office.com/?qs=9cf30363dd29315c3e11be7b9f86e0023a565c20a2375038e17cde83e3918d351e9c862894eecd698e1a9bb86157937bcf1b994ad1bf797a,1
https://drive.google.com/file/d/1tenGIF9DF-oTkACTAg_tNEsT5ZWTZzKc/edit,1
https://drive.google.com/file/d/1_GGqmQXcOYjJZfvgg44cX-sWuaue8EdJ/edit,1
https://docs.google.com/viewerng/viewer?url=proxy.ge.tt/1/files/5D0k9Lx2/0/blob?referrer%3Duser-a6KjrVMdeXZ9faVkfFsDH44K4iYbrxAK3Pn41U-%26pdf&amp;ddrp=1=secured,1
https://docs.google.com/document/d/1gy-xysaRMQ7s14hRc-GdWLVXCnGYYUH--LQSMKHIdAA/edit?usp=sharing,1
https://drive.google.com/file/d/1oawcXqXcUg5l7Vjkr2gIJw7bgNcC-Q-2/view?usp=drive_open,1
https://docs.google.com/document/d/e/2PACX-1vQacj-F-4bjUzEqCPuLKEWnftlZU10pq0Ljc_9nx_6zZUfQ4XINe_li1s99akzcJ4AIZkiYLrB6BJJr/pub,1
https://docs.google.com/viewerng/viewer?url=http://proxy.ge.tt/1/files/6hyGtUv2/0/blob?referrer%3Duser-IHReCqysT1hmqhrZTsg2NYae9miepvEV1feuB-%26pdf,1
https://drive.google.com/file/d/1A4zUvTUBrEHysSXz6ToIhe_H4Xcm9Ajs/view?usp=sharing/,1
https://drive.google.com/file/d/1Ek__rSuML6v9EyfKBUz-0rl81Omz1BN-/view?usp=sharing?88674169071155/,1
https://drive.google.com/open?id=1ZUPkx-Gj-9KQAf81dnHzpEAG5TwSGEQt,1
https://drive.google.com/file/d/1a1E7ncAdrG9Z5fNEbtaeF8o2qmtJVSZd/view?usp=sharing/,1
https://drive.google.com/file/d/1dZwFmGjphXZLgluJriPjvloaLfWTQI6o/view?usp=sharing/,1
https://drive.google.com/file/d/1u7ag3FepresW0JRZehtrU5hLGGltMq6P/view?usp=sharing/,1
https://sites.google.com/site/apvrescrims/,1
https://sites.google.com/site/appcresetings/,1
https://sites.google.com/site/aprcresvres/,1
https://sites.google.com/site/ilyasdxih,1
https://sites.google.com/site/ilyasdxih/,1
https://sites.google.com/view/pgmwebhub,1
https://drive.google.com/file/d/1LUvtjMTfQbe85qV2zd_iQz9cVRtn8Epj/view?usp=sharing,1
https://drive.google.com/file/d/13qb-N9OeZzTR4HRUF5mcmAWgugLosmbd/view?usp=sharing,1
https://drive.google.com/file/d/1IGf88eawenXPw2wRjHq0Sz1fO_NdzHPp/view?usp=docs_web,1
https://docs.google.com/document/d/1IGf88eawenXPw2wRjHq0Sz1fO_NdzHPp,1
https://www.google.com/url?q=https://rodriguesdemelo.adv.br/cli/aut/index.php?email%3D25&amp;source=gmail&amp;ust=1542750734646000&amp;usg=AFQjCNFkEg5_ic5zp-sXRkKZ1Wr8G97BAQ,1
https://drive.google.com/file/d/1UDdBkRd42XjAbxTFlBT7ITU3hCrXkZHi/view,1
https://docs.google.com/forms/d/e/1FAIpQLSfttS12wZ9DLNWcmDvgE38oWrINS8y7cxnYT_fTNdAcEf03GA/viewform?usp=send_form,1
https://www.google.com/url?hl=en&amp;q=http://www.rugbylabelsolutions.co.uk/drama1/secure/management/&amp;source=gmail&amp;ust=1537885316769000&amp;usg=AFQjCNFGOMmK92rOTE4CanjtiDPIn_LZTg,1
https://drive.google.com/file/d/1vcmV6KmocSa_zB6WiCr72wLi4PhZugnr/view?usp=sharing,1
https://drive.google.com/file/d/1b_XJ8cdUxw5dB6KwTZqPoOm_vdah9Kfj/view?usp=sharing,1
https://sites.google.com/site/dbhbhbhj/,1
https://drive.google.com/file/d/1Hq3ENsLkHhtF4g7rbcZ71mukKVejbIx7/view?usp=sharing,1
https://docs.google.com/forms/d/e/1FAIpQLSdw7WWLMe5NBmdW5bohTmHDl3Uyh4bKaoCq0P7I7wbcuSoWeg/viewform,1
https://drive.google.com/file/d/15Yx_mefHRMhdRdhSmGDsIoo1bs07yHs3/view?usp=sharing,1
https://drive.google.com/file/d/1ufm8t3_jijWSM70iKGN331ONHDfbvTj1/view?usp=sharing,1
https://drive.google.com/file/d/1q_BI6KaNY9zZvHHty1qcByQZdirwJzxG/view?usp=sharing,1
https://drive.google.com/file/d/1r3I_bi51duXgjXieXIjt1Gx_rHNCalbo/view?usp=sharing,1
https://docs.google.com/forms/d/e/1FAIpQLSedi778KA_QpFW-6VseK02w_qghyAY4KrmhVAHDl-qBzUQytg/viewform,1
https://www.google.com/url?hl=en&amp;q=http://cmffltd.com/wp-zbxb/zbxbx/mobile/exx/Account/index.php?email%3D%5B%5B-Email-%5D%5D&amp;source=gmail&amp;ust=1523355231217000&amp;usg=AFQjCNFBC5DLonStz7Nxpw6Hp_V9soeAPQ,1
https://drive.google.com/open?id=1wGUuehObhMvSU4DZvy5Jh2A58EBdqPNv,1
https://drive.google.com/file/d/1wGUuehObhMvSU4DZvy5Jh2A58EBdqPNv/view?usp=drive_web,1
https://drive.google.com/file/d/0BzvkYtxLTJZjMzYwcTJwZ2g5ZFE/view?usp=sharing,1
https://drive.google.com/file/d/0BzvkYtxLTJZjTFVoeUJKY3Q5bXM/view?usp=sharing,1
https://sites.google.com/site/recoveryfbconfirmcontactus/,1
https://drive.google.com/file/d/1YV6DIzGh3i0YStC0d1wAqutQPBaVKTkW/view?usp=drive_web,1
https://drive.google.com/file/d/1mXvQZdx6oV8cC-0RbIxIfEVMczstZ573/view,1
https://sites.google.com/view/unblockpage/home?authuser=1,1
https://www.google.com/url?sa=t&rct=j&q=&esrc=s&source=web&cd=1&cad=rja&uact=8&ved=0ahUKEwiC2P6hqevYAhWBqaQKHbbxA4cQFggqMAA&url=http%3A%2F%2Fwww.skatteetaten.no%2Fen%2Fperson%2F&usg=AOvVaw27Bb-ElBmjNVWBcdUaMcxg,1
https://sites.google.com/view/unblockingpage/home?authuser=1,1
https://sites.google.com/view/unpublish-unblocker/?ref=tn_tnmn,1
https://sites.google.com/view/relaunch-blocked/?ref=tn_tnmn,1
https://sites.google.com/view/serviceactivation,1
https://sites.google.com/view/serviceunblock,1
https://drive.google.com/file/d/0B0zLWpkgtmYySkFlYmF6eVJQZUE,1
https://www.google.com/a/turriago.com/ServiceLogin?service=mail&passive=true&rm=false&continue=https://mail.google.com/mail/&ss=1&ltmpl=default&ltmplcache=2&emr=1&osid=1,1
https://sites.google.com/site/clamingidentify008754504/,1
https://sites.google.com/site/clamingidentify008754502/,1
https://drive.google.com/file/d/0BwQW_LHWYsi8RzFjeE1IZE9QNnc/edit,1
https://sites.google.com/site/unblockccxx/,1
https://sites.google.com/site/leakdech/,1
https://sites.google.com/site/fbconfirmaccoun18/,1
http://sites.google.com/site/libretyreserve,1
https://sites.google.com/site/habbotuttogratis/assignments,1
https://sites.google.com/site/libretyreserve/,1
http://sites.google.com/site/habbotuttogratis,1
https://drive.google.com/uc?export=download&id=1vDCgM8BaJFom0szEpzOIFTvQgUuunRHv,1
https://drive.google.com/uc?export=download&id=1xy0mF1Icip0d8QGHeKOJFJmZ7eQALmsG,1
https://drive.google.com/uc?export=download&id=1CmUUYaWHCX_NvmD28XEBfcVaoJL5GF06,1
https://drive.google.com/u/0/uc?id=1_TEnqsymHmCDc7ZHaSpgdMmA6d2M2IXF&export=download,1
https://drive.google.com/u/0/uc?id=1uehWWk5ExGl1FUEhSG3NJ_DDGCgm05c0&export=download,1
https://drive.google.com/u/0/uc?id=14478IMd3BD6V_Igv0a4E6gV_rPgeIMI4&export=download,1
https://drive.google.com/uc?export=download&id=19n0ofAiuODfAPdIz37cAXMD17k9dC2z6,1
https://drive.google.com/u/0/uc?id=1oSjrfvJDY1vBlK4FYA98jP5Jlnk7rUtV&export=download,1
https://drive.google.com/uc?export=download&id=1Q2PX2OM5w6WFMrF_5lIhxBuqpcaxfjtr,1
https://drive.google.com/file/d/17NPtkoB3zBnCXoDLNcLUKTF_K5G2SeRj/view,1
https://drive.google.com/uc?export=download&id=1QraiRF82pwlwn4kIUCdceWgFaYUeX7Jd,1
https://drive.google.com/file/d/17NPtkoB3zBnCXoDLNcLUKTF_K5G2SeRj/view?usp=drive_web,1
https://drive.google.com/uc?export=download&id=1LenovtgyAHBqRMDh4gviDedXsQSxcqnG,1
https://drive.google.com/uc?export=download&id=1naAOkyOIOFmtWtFge6OWeKJafelD3Jll,1
https://drive.google.com/uc?export=download&id=1nndvQ_2_7DoYyuqvCVWmOrY_4lyrplB7,1
https://drive.google.com/uc?export=download&id=1hjlddzrmVdlrx9hKQO6HTIrG-NUpNRUB,1
https://drive.google.com/uc?export=download&id=1mlGx7wgPzE4ZBxo-LJs6FOkb1G8e1Jsi,1
https://drive.google.com/uc?export=download&id=1mGwOcBkUSpq-u0D_xTOrvkrxfUluQ1yG,1
https://drive.google.com/uc?export=download&id=1tx5GXfF8j-Bukf9tP571ecJz4ZMXlpXX,1
https://drive.google.com/uc?export=download&id=1-KRBLq6TpFbWkjbZTdbNrxYCERdgUPga,1
https://drive.google.com/uc?export=download&id=16CWRimddcHzv0gQJoCB4kTwfjKzkNq8w,1
https://drive.google.com/uc?export=download&id=1TfLvOnsl1VZJ97jm2Zl3xiDFhOanV1iW,1
https://drive.google.com/uc?export=download&id=1XFNyNDH4Ni7DtVVIkVRsvIeb9GlyoZj7,1
https://drive.google.com/u/0/uc?id=1FZoo3l3_9mcp731BaTNfWG9dhSR30cxL&export=download,1
https://drive.google.com/uc?export=download&id=1kADWimT8_VGG4rUaXsE0IrIsHZd1TY57,1
https://drive.google.com/uc?export=download&id=1H1UM4TSdrUiqSbXvNU7aEOMEAhi2pnOU,1
https://drive.google.com/uc?export=download&id=1OJwYThizdcCjqiwlFZ9cgeIP2Rz-dYQl,1
https://drive.google.com/uc?export=download&id=1iaoQ_kSc3xPakgzyAqxgM2N1btoFyYp3,1
https://drive.google.com/uc?export=download&id=1SSc5Dqt4l7Oil5NT5FzUT1Qfbl02aYo7,1
https://drive.google.com/uc?export=download&id=1nRETrhZ0s7QUHdk-KxZA_RGQWoOT10wG,1
https://drive.google.com/uc?export=download&id=1gium_4ZoZGMqSg-CnFVANJ6kNt57t4Js,1
https://drive.google.com/uc?export=download&id=1IFLQQTyDfGxl-buS9Or2khwG5QhzaarF,1
https://drive.google.com/uc?export=download&id=1-Jl0ox6t1u511MZzBmEzghIShTOKGGNY,1
https://drive.google.com/uc?export=download&id=13vZwcD6-HaYTF4J8YjXh3uzqXVR0FkbD,1
https://drive.google.com/uc?export=download&id=17g7HLgPzXde_Bm4ScNe49LyTUzfEI4p-,1
https://drive.google.com/uc?export=download&id=1rsnxNCJRrFcFUqYo9Blgbn_a-V2EJW0e,1
https://drive.google.com/uc?export=download&id=1ZgbTeqYGOuU8Te2p-RHDkP15uwKzRLZk,1
https://drive.google.com/uc?export=download&id=1yiQl1HXzitVAwfGobO0ePYUPDljm_CW1,1
https://drive.google.com/uc?export=download&id=1-V4_ALds5K-ZKk3KH1-Ip7KStDCb7vQw,1
https://drive.google.com/uc?export=download&id=1blw997zp3AQDJPa5yGDLBcAMK9xv8bkE,1
https://drive.google.com/uc?export=download&id=1L8_ty8xpreJ-b4Cbtox_Iv8S4vbsM9-L,1
https://drive.google.com/uc?export=download&id=1Bn0oBeLxblAqAtFwK9CE5gUAz5kAkQYw,1
https://drive.google.com/uc?export=download&id=1B1hE5bfX_Ev6U7OQomOYnY9XI4XLWVq0,1
https://drive.google.com/uc?export=download&id=1vJM9j2aZY_wJvEJPQ6K_nqZGrobhGuHP,1
https://drive.google.com/uc?export=download&id=1cg3oct3wPo-0NPkiTQe77r64AxzRjeyv,1
https://drive.google.com/uc?export=download&id=1ClJaZlYDVS7_h3eLlQthFORZLoU1MSOT,1
https://drive.google.com/uc?export=download&id=1c-IAv34v9JZHiSB73zH9jQXpPB-7PuM1,1
https://drive.google.com/uc?export=download&id=1S6SsHcQQoiDpbI_Sd7RvNUBrgLESv1GT,1
https://drive.google.com/uc?export=download&id=1fc26tEwc9bbP8rT9_CshLEWfGem54dS4,1
https://drive.google.com/uc?export=download&id=1jc7hhGgq1mObCsl0EaCD5NCFj5_mwMha,1
https://drive.google.com/uc?export=download&id=1waD-E10ClYRCKdDb5J5jz5imBZeYj-XL,1
https://drive.google.com/uc?export=download&id=1HmyzLItPYy-rRXGynCGp5wPKkdQuB7PV,1
https://drive.google.com/uc?export=download&id=1EBKR1hspB3wtezDySHErnZccoaSkO3Q1,1
https://drive.google.com/uc?export=download&id=147RbgWU9xePvXi78n-G0Q4faDCvDsoKM,1
https://drive.google.com/uc?export=download&id=1fO81OtMkqitk_KvwFynuQg2ZP2RNeL7G,1
https://drive.google.com/uc?export=download&id=1sz0AYWiMlTgH3VK1t6xnjFCVkRD7efVn,1
https://drive.google.com/uc?export=download&id=1hHGhBIWdP6U2z5MRSn5TdVDpOb1TRocA,1
https://drive.google.com/uc?export=download&id=112XwWlt4cACDc6_QhpeIHxf09QveX6Wq,1
https://drive.google.com/uc?export=download&id=1XsvIYLjai3VrNBL6L56OWQTir_sy3txQ,1
https://drive.google.com/uc?export=download&id=1oRYRCFnSc-PrjUaSDhJEVPxiIABGgt4y,1
https://drive.google.com/uc?export=download&id=1ilCsQxrgrDkvrFDpO4xi87pLjWD8gh3J,1
https://drive.google.com/uc?export=download&id=1S0NllWS8ZPjZ-RN8x1XUTCf6Y6b8iPga,1
https://drive.google.com/uc?export=download&id=1G480JekfZCRTpfBwjx4yQbmwZy4LVVBH,1
https://drive.google.com/uc?export=download&id=1TNtvH75O1HTQ9OOxBnQ-5De4_0_mXZrt,1
https://drive.google.com/uc?export=download&id=1d0U_LEB4wavX9SbUMbJWF-FiatVZUyht,1
https://drive.google.com/uc?export=download&id=1zTO4t7hKaDr1bfXuk8MISJqAEBZrFtsl,1
https://drive.google.com/uc?export=download&id=1YQUCW6beDK157mVCfOmm6FVnycYYSSEC,1
https://drive.google.com/uc?export=download&id=1eIomWpjB1sEnJXnFhsnBahQU3GbQk2_B,1
https://drive.google.com/uc?export=download&id=1OEbsMXrF8-j6R3enmXRbot8DSTtoLYEP,1
https://drive.google.com/uc?export=download&id=1wVCTlqddhX2hQR5m61sihpihzf9xMkYW,1
https://drive.google.com/uc?export=download&id=1ohhKI5qr-7bGsTy0hNNxfDo4hP4h_R7M,1
https://drive.google.com/uc?export=download&id=1ZAJKb_Qs_LMSTcPhyRkYA6h1oblX-BNa,1
https://drive.google.com/uc?export=download&id=1gk13Bszw6_IxQW_ToZGKeUVOwfiqjErY,1
https://drive.google.com/uc?export=download&id=1Ts5RkhrpBZRedy0uXigmbpy2gRwdOcpN,1
https://drive.google.com/uc?export=download&id=1_M7V38S5s2k7B4e19lQSd4ebgudujZaF,1
https://drive.google.com/uc?export=download&id=1UaG44qlWzQrh1gh7YbNGeUhOZfr3aAEc,1
https://drive.google.com/uc?export=download&id=1gnV-z0JyUgGEWadWPtMfkZjXHUlTI3uQ,1
https://drive.google.com/uc?export=download&id=1qmJQCHnw0QwdDo3Se4WXFunSF1kchCMn,1
https://drive.google.com/uc?export=download&id=1yfzSjDBF5EEnArQaFA0JiM5T9T9pH_4U,1
https://drive.google.com/uc?export=download&id=1oQCsOuTgpxKZrxe4NHUTIAdPgHvDr_rQ,1
https://drive.google.com/uc?export=download&id=1iMvtjWPu0YM62L-xFJBGuwNCYgzrdPIN,1
https://drive.google.com/uc?export=download&id=1Y8KybIvo70Y3yJDYxnlQB6Jf5_vtRzUd,1
https://drive.google.com/uc?export=download&id=1a85TY4xRK0REGEyFgtB3C0XcLsBiAhD-,1
https://drive.google.com/uc?export=download&id=1zt6v0pwcTugxPFPsklNZriB3fqwNGNPP,1
https://drive.google.com/uc?export=download&id=1uXv3EE6wrPz8TAvgQqm2wxayR5zT8aa7,1
https://drive.google.com/uc?export=download&id=15XqNKp3KhhDhxFAryCVNMF1xWZ3LCasS,1
https://drive.google.com/uc?export=download&id=1oxWx2mdVOX-fhKFh9W92hWnjbHWoY8vG,1
https://drive.google.com/uc?export=download&id=1q2xkR9dtz19DjMY_UhKpFTslALFRZcx4,1
https://drive.google.com/uc?export=download&id=1n6vwEhBTiK-gkqz5fVqPagDtz3fUYPdj,1
https://drive.google.com/uc?export=download&id=1aRM9yUylrkcQUb4aIsXHn4WuzZF95byX,1
https://drive.google.com/uc?export=download&id=15_2qc-PMvZLt1gMfLtB3Jd5TKpqWSKxR,1
https://drive.google.com/uc?export=download&id=1Iy1vilczX904GPDd_AILSDY1mPYG9aVu,1
https://drive.google.com/uc?export=download&id=1T7YU7bMI_W8XAqoDkEreezpDUqMJV_C5,1
https://drive.google.com/uc?export=download&id=1TzZ7xNfP_hk0jrJH6tZbPyFIVTKicZ6E,1
https://drive.google.com/uc?export=download&id=1o2esoichG-8UAExWUPqIMTvf02bxVfty,1
https://drive.google.com/uc?export=download&id=1DtDmaqapWFsIliRuxLcwSde9Xa66xBLm,1
https://drive.google.com/uc?export=download&id=1RQ68HjVlIxvTPHeQJlxTkhAuTBBGmDfp,1
https://drive.google.com/uc?export=download&id=1x6FBYtInbqBQdrG3Otk8I_tziDMqmo0K,1
https://drive.google.com/uc?export=download&id=1bM186_MXLZjfzsOpjET_fhnvM6lOc8SW,1
https://drive.google.com/uc?export=download&id=1gmw2SSkN5kHSgoIMIn_5wHyRHYsD3rNc,1
https://drive.google.com/uc?export=download&id=1IyBsEBMpuylFRRRNqLLJOJcYewc0kIzl,1
https://drive.google.com/uc?export=download&id=1LbnXOH9LafDFPV4sXd-5xhAziJFuqIQB,1
https://drive.google.com/u/0/uc?id=1pPDL3bVPKcRW5oANFuDWLxxLlrJBV2jZ&export=download,1
https://drive.google.com/uc?export=download&id=17BWiKHlfcejUbmN-vR5GRCXiHK4aZ5eh,1
https://drive.google.com/uc?export=download&id=1wsQj0jlPPNRr9E4MJgsHcL4X4jRA1RKY,1
https://drive.google.com/uc?export=download&id=1KJR9jaZaFFPTO8zWis7UhaQ1hoL89T5h,1
https://drive.google.com/uc?export=download&id=1igEaZGdIzo-pEaS2R6Dpv5QpFsDiF2O7,1
https://drive.google.com/uc?export=download&id=13Uj2ow7E9jL5boWC7-QsNwbdKP1g3mbE,1
https://drive.google.com/uc?export=download&id=1JBdUMP7NORFiIS3L1B3EUq-Sagaok90j,1
https://drive.google.com/uc?export=download&id=1-n1BlSCoTohZylfkbHFPcABKfvcMx0FK,1
https://drive.google.com/uc?export=download&id=1VRsRkBmMKqfYG76ptiywfXKQ6oGu_4y-,1
https://drive.google.com/uc?export=download&id=1eviL--HbRjyg4FwfaUe_-SkFZjmqbNKm,1
https://drive.google.com/u/0/uc?id=1rFX0WSnjWfD_S-CsbnECFidz0FIpqaYm&export=download,1
https://drive.google.com/uc?export=download&id=17AYzHJbqoE_VzkxIitC94iuWVQTLoDW4,1
https://drive.google.com/uc?export=download&id=1Wxb6ok7ocKu6Dx_4ZBu3nLCSq7gNtkP6,1
https://drive.google.com/uc?export=download&id=1yX8sfO_iDM0oZa0kLU03Z1wE1JllI57k,1
https://drive.google.com/uc?export=download&id=1_BRC9mvv9umsfD3YjW91bTvwNwGNHRg3,1
https://drive.google.com/uc?export=download&id=1SiB925R2TUbc7RRPjKmX3kjwmCz2f-Ml,1
https://drive.google.com/uc?export=download&id=1w_leO4lN947HGCOJPbBPE85iL00GEtCg,1
https://drive.google.com/uc?export=download&id=17CFIXi7RPeXK75oBO7Mk3QGmAPlO55zk,1
https://drive.google.com/uc?export=download&id=1yooFvDBcvTE7OAPxhPs_i6iPmilpmZ7x,1
https://drive.google.com/uc?export=download&id=1UadIbg7RqsYJcL14h9f3JE5a342wOefi,1
https://drive.google.com/uc?export=download&id=18T_IOpg8K_3kgLMP5JulRUUveXGyqhVR,1
https://drive.google.com/uc?export=download&id=1_SnHd9j5BwQrU5BfqQ6it5j29wzmSpP-,1
https://drive.google.com/uc?export=download&id=1ACu4PQVrn8VsiH-d8ZjNXPthKsQ_4UVd,1
https://drive.google.com/uc?export=download&id=1RaeE3Rg8UsDqcvEdXoh4eYf41-NGUMZL,1
https://drive.google.com/uc?export=download&id=1Or-ZL_8CCVcwnH2be4UhShMLVoYRvC_u,1
https://drive.google.com/uc?export=download&id=1L17M0sD_uqYGue10qs3ovoqnLiDCC0WA,1
https://drive.google.com/uc?export=download&id=1crHrv2FYDepxV4YTm2E3d_xKBVaU5JfP,1
https://drive.google.com/uc?export=download&id=1tlaISNHA9iIifF5GgEHGmOjGc_7rYk78,1
https://drive.google.com/uc?export=download&id=1xod_wvfFt6i9vOTVbLdxn-kEvRgZQ0PD,1
https://drive.google.com/uc?export=download&id=1vkgTWj-CNbTDYBiE7bassUYV03Q1cQG7,1
https://drive.google.com/uc?export=download&id=1MJlapxhGBT2pqwgXJl_SJBeigVbjgxiz,1
https://drive.google.com/uc?export=download&id=1491F4ZRIGg9RWmLxqLsJvjMNZSEtz00Z,1
https://drive.google.com/uc?export=download&id=19rWF0cXXq6HDsfpyHOEKSzhfJOuFgLHs,1
https://drive.google.com/u/0/uc?id=1nKG8kJvzTeUsUO0iB42_n5YcUKXGNf0l&export=download,1
https://drive.google.com/u/0/uc?id=1lf5uj0OZtEz0Da4uloCglElnO0cqqaJ7&export=download,1
https://drive.google.com/uc?export=download&id=1hzN2z26Dl9juRy5b5bfWACeroI-ka7St,1
https://drive.google.com/uc?export=download&id=1ywnB_49OOzdnIeHaF8tOIPqOaRmpZqil,1
https://drive.google.com/uc?export=download&id=1vZhuiS_3WrLZ13l0pMtU8lkEBKRAsByN,1
https://drive.google.com/uc?export=download&id=1Uq_k1ylh59I1YBSuC72xGL8d2t-B8Ors,1
https://drive.google.com/uc?export=download&id=1EkgnKae10AB-8OVYiLFRFTWU74dwfDeO,1
https://drive.google.com/uc?export=download&id=1v1Ivm-mgUxc-Zg9Erxs-vVUmCEk7sB2c,1
https://drive.google.com/uc?export=download&id=1WBX1KqI18tchBVkWdQPJ8JxbBDxrBdaH,1
https://drive.google.com/uc?export=download&id=1Thtbm47ZjIt8mogFwzqT0Uva861yS5KB,1
https://drive.google.com/uc?export=download&id=1aWO0ZlBZu5iTlyVnyojR_tBPqAK6GvfC,1
https://drive.google.com/uc?export=download&id=1e9c0rudF_POcl1s3QusqZirFt8id1DPC,1
https://drive.google.com/uc?export=download&id=17O3YYEuD-dOC-hOTkIO8pSN_XwUzNvGc,1
https://drive.google.com/uc?export=download&id=1uYpTyj0BNHKsGuykkGb8JS43xlUskyyP,1
https://drive.google.com/uc?export=download&id=16U7oHYSsOTjNPH8OSUM_osBIAuqRPogn,1
https://drive.google.com/uc?export=download&id=1h9nskj-w6nD-WOOJSFrs4-GVh88KeTMc,1
https://drive.google.com/uc?export=download&id=1Fv-egPBEn3fumFBgAhNEtWyGfqllvopX,1
https://drive.google.com/uc?export=download&id=1gUJtfJkO-s7b_G2fiLen_l6QUnMt9x2c,1
https://drive.google.com/uc?export=download&id=1phs0fL7v1QzUZemPmA-sV7AYK6V21UvU,1
https://drive.google.com/uc?export=download&id=13XcYzeUMpIR7uTnTXX41MB14Ya3hFf2q,1
https://drive.google.com/u/0/uc?id=12iFCPIkFttDepyF-50TP5ToEO5PUJTkl&export=download,1
https://drive.google.com/u/0/uc?id=1oMb6Vcb87jeCeLhH4B457h9LxyyYKO6y&export=download,1
https://drive.google.com/uc?export=download&id=1XR3AAUev3NxfKqHcvyCsQBwjOE0_ZdHj,1
https://drive.google.com/uc?export=download&id=1fYAhtDnVjswGuMEAwbXMaNoU_yQrJOS5,1
https://drive.google.com/uc?export=download&id=1JjINt15aGYMLnhka6bVHB0FaLAjpjyWg,1
https://drive.google.com/uc?export=download&id=1z57WYvajL2kcGrihELC-1zVd03ZGZUfN,1
https://drive.google.com/uc?export=download&id=1Qoi8hZcm6EvWI4HWbKjmrvJVpCTwUOFE,1
https://drive.google.com/uc?export=download&id=1yEkFyEd8TLDOWSKZevH8NoHUeH7ELk8D,1
https://drive.google.com/uc?export=download&id=1JHfctnrLQ92Vm8xLN423C5fUzBR5IRsC,1
https://drive.google.com/u/0/uc?id=1I0-c_3_PA4CFUVxQuWatIce-YMim6K1F&export=download,1
https://drive.google.com/uc?export=download&id=1uo-AD-yDTHJ4dyKeJ26lU008UuaRBuwU,1
https://drive.google.com/u/0/uc?id=1p4rjm2wgIZ_3vWNRRP118q7fUsKWp8M8&export=download,1
https://drive.google.com/uc?export=download&id=1zcSB7nHWJ-EYvukNnOHdNlI5udPPlPPf,1
https://drive.google.com/uc?export=download&id=1ivryQxJzT_e40PS0aYOPP4i7S_vv7gmi,1
https://drive.google.com/uc?export=download&id=1z9rDpAG9J7v4gYIKssrMvqs10iRFm4tI,1
https://drive.google.com/uc?export=download&id=1WUFW_XqulsXGMjXEwQXZ1i_CFnodY16-,1
https://drive.google.com/uc?export=download&id=1Ymy2dx-V4ZQNt0fGecSXYegBxU5tZT29,1
https://drive.google.com/uc?export=download&id=18qMaXnZ232NYalzw1JbpODjk-XIYNJoZ,1
https://drive.google.com/uc?export=download&id=1vxRWOJ-Y8c7F9DMhUXOd0rw5SS4NtKXB,1
https://drive.google.com/uc?export=download&id=1f2RahNfTtXT375YVbGCQ0zoOGQaJSA0g,1
https://drive.google.com/uc?export=download&id=1cnKgO1WC_XGRP2u0VspZs1LTWO_DvI_U,1
https://drive.google.com/uc?export=download&id=1nTNTilvi9pV4KU5k4wZ9gYPI6cN8x1b6,1
https://drive.google.com/uc?export=download&id=1R_m7FBK2fThlfz2kHfJmzb9LKOZyKhTi,1
https://drive.google.com/uc?export=download&id=19T3MbyB6nOM3XEQbzifkNbxQ1UNyJO3Q,1
https://drive.google.com/uc?export=download&id=1I2ytY9jS5ypmblwGpiK-Yd4ahtN1qqea,1
https://drive.google.com/uc?export=download&id=1Qjrpw8RUpYAHmEluWbVlH_nfGfr3r4V-,1
https://drive.google.com/uc?export=download&id=17VECXwuFdCBwTIFwFuaJjWs7IuEuBgJn,1
https://drive.google.com/uc?export=download&id=1Ln_KE3UF89vpfzauRBVqXs1nmkXsQwJY,1
https://drive.google.com/uc?export=download&id=1x2gK_hOs7CRJZggfFMOKoj_MF5qqQV2W,1
https://drive.google.com/uc?export=download&id=1pTSWF6H5PQq8vRGPpgXLueU-N9PDq0Zo,1
https://drive.google.com/uc?export=download&id=1JnM1WDFVM8yfPy6NkngpD4lxucx0hELE,1
https://drive.google.com/uc?export=download&id=1EK5dPUCtgDYmJpUJbCXPRP7ADQBl7Scj,1
https://drive.google.com/uc?export=download&id=1NtJoaogSP5DOuNohcs6w2W-wiO8w1L2N,1
https://drive.google.com/uc?export=download&id=1JRdxxCYi2Gb0rXpLS-vWCIFq7aacAy9A,1
https://drive.google.com/uc?export=download&id=1uUg_GJuxmBrNdw4i3dcoH2v6KsestvPu,1
https://drive.google.com/uc?export=download&id=1IJYhsCaZmXkBEXcjNVswrTsPxexB8Ush,1
https://drive.google.com/uc?export=download&id=1q0U5XIijM2bDaSQN0341lAr-3nIoN6sj,1
https://drive.google.com/uc?export=download&id=1Cck5-tqaxw82aCQJHs6zA64TK7SWeGwL,1
https://drive.google.com/uc?export=download&id=1Ls7eJZwD80tyEcdq8uYE71VHnB65-Y78,1
https://drive.google.com/uc?export=download&id=1PQCIwSZToXl-dKIbJVXLAcfkoKnvaf6n,1
groups.yahoo.com/clubs/aquaculturefarming,1
groups.yahoo.com/group/rarelivestock/,1
tech.groups.yahoo.com/group/alpacarescue/,1
groups.yahoo.com/group/miniaturecattle,1
groups.yahoo.com/group/AngelGoats/,1
pets.groups.yahoo.com/group/theboergoatbarn/,1
tech.groups.yahoo.com/group/boergoats/,1
tech.groups.yahoo.com/group/Boergoat/,1
pets.groups.yahoo.com/group/texasboergoats/,1
tech.groups.yahoo.com/group/BOERGOATeast/,1
groups.yahoo.com/group/SEDG/,1
tech.groups.yahoo.com/group/DairyGoat-E/,1
tech.groups.yahoo.com/group/Dist7News/,1
tech.groups.yahoo.com/group/DairyGoats/,1
pets.groups.yahoo.com/group/DISTRICT5NEWS/,1
tech.groups.yahoo.com/group/homedairygoats/,1
pets.groups.yahoo.com/group/district3news/,1
tech.groups.yahoo.com/group/Dairygoat-L/,1
groups.yahoo.com/group/KinderGoats/,1
groups.yahoo.com/group/LaManchaTalk/,1
tech.groups.yahoo.com/group/chevontalk/,1
tech.groups.yahoo.com/group/Fainters/,1
tech.groups.yahoo.com/group/Kansas-Meat-Goats/,1
tech.groups.yahoo.com/group/MiniGoats/,1
groups.yahoo.com/group/ND_Mini_Goats_Dairy/,1
groups.yahoo.com/group/ND_Dairygoats/,1
groups.yahoo.com/group/NubianTalk/,1
groups.yahoo.com/group/nubiangoats/,1
groups.yahoo.com/group/OberhasliTalk/,1
tech.groups.yahoo.com/group/HarnessGoats/,1
pets.groups.yahoo.com/group/packgoat/,1
groups.yahoo.com/group/PygmyGoatPyn/,1
groups.yahoo.com/group/Pygora/,1
groups.yahoo.com/group/SaanenTalk/,1
tech.groups.yahoo.com/group/ToggTalk/,1
pets.groups.yahoo.com/group/all_about_Goats/,1
finance.groups.yahoo.com/group/GoatandSheepRancher/,1
tech.groups.yahoo.com/group/goats-canada/,1
tech.groups.yahoo.com/group/GoatsPlus/,1
tech.groups.yahoo.com/group/MIgoat/,1
tech.groups.yahoo.com/group/Goatads/,1
tech.groups.yahoo.com/group/Goats-R-Us/,1
tech.groups.yahoo.com/group/Aussigoats/,1
tech.groups.yahoo.com/group/GoatShows/,1
tech.groups.yahoo.com/group/cheapcritters/,1
pets.groups.yahoo.com/group/practical-goats/,1
sites.google.com/site/valleyvistafarm/,1
pets.groups.yahoo.com/group/Quarterpony/,1
groups.yahoo.com/group/blackwelsh/,1
sites.google.com/site/ascottfarms/Home,1
groups.yahoo.com/group/Blackface/,1
groups.yahoo.com/group/soaysheep/,1
groups.yahoo.com/group/SoaySheepInNorthAmerica,1
tech.groups.yahoo.com/group/Water_Buffalo/,1
www.linkedin.com/pub/alan-hill/12/809/988,1
www.linkedin.com/pub/doug-saunders/24/224/a78,1
www.facebook.com/foxprovideo,1
www.apple.com/airplay/,1
groups.yahoo.com/group/giannealbertoni/,1
groups.yahoo.com/adultconf?dest=/group/thegiacaranginetwork/,1
movies.groups.yahoo.com/group/jaymeeong/,1
groups.yahoo.com/adultconf?dest=/group/reginarussell/,1
groups.yahoo.com/adultconf?dest=/group/christyturlington/,1
groups.yahoo.com/adultconf?dest=/group/amywarnerfanclub/,1
groups.yahoo.com/adultconf?dest=/group/sandrawestgate/,1
groups.yahoo.com/adultconf?dest=/group/SandeeWestgate/,1
groups.yahoo.com/group/Kaila/,1
www.adobe.com/shockwave/download/download.cgi?P1_Prod_Version=ShockwaveFlash&amp;P5_Language,1
sites.google.com/site/importautostocanada/Home,1
groups.yahoo.com/group/Spanish_English_Translation_Jobs,1
groups.yahoo.com/group/jobs-translators/,1
groups.yahoo.com/group/translation-jobs/,1
sites.google.com/site/lorrainetranslation/,1
groups.yahoo.com/group/FLIndexers/,1
sites.google.com/site/gferst/ferstdesign2,1
finance.groups.yahoo.com/group/VirtualAssistants/,1
sites.google.com/site/mcmdennis/,1
sites.google.com/site/mudbuildings/,1
sites.google.com/site/kroosher/,1
finance.groups.yahoo.com/group/petalpower/,1
groups.yahoo.com/group/IADRS,1
sites.google.com/a/bestechsales.com/bestech-sales/,1
www.adobe.com/aboutadobe/careeropp/college/internships.html,1
finance.groups.yahoo.com/group/recruitersnetwork/,1
sites.google.com/site/biofuelson/,1
finance.groups.yahoo.com/group/propertypreservation/,1
groups.yahoo.com/group/actuarialsciencestudents/,1
groups.google.com/group/kaas,1
sites.google.com/site/aaabailbondsinc2/,1
biz.yahoo.com/news/foodbeverages.html,1
groups.yahoo.com/group/sweetnpure/,1
sites.google.com/site/sparethyme/,1
groups.yahoo.com/group/humantalents/,1
groups.yahoo.com/group/hrinIndia,1
sites.google.com/site/kaushiknag/,1
finance.groups.yahoo.com/group/technicalanalysismethods/,1
finance.groups.yahoo.com/group/smallcapstocksandresearch/,1
biz.yahoo.com/opt/,1
finance.yahoo.com/funds,1
sites.google.com/site/investinarmenia/,1
groups.yahoo.com/group/daytradingwiththepros/,1
groups.yahoo.com/group/intrinsicvalueclub/,1
finance.groups.yahoo.com/group/optiontradingcoach/,1
finance.groups.yahoo.com/group/investoolsUG/,1
groups.yahoo.com/group/Ozzystox,1
office.microsoft.com/en-us/visio,1
sites.google.com/site/ijcsis/,1
sites.google.com/site/ijeishp2/,1
sites.google.com/site/nmelao/,1
sites.google.com/site/financialmodelingtools/,1
finance.groups.yahoo.com/group/CriticalChain/,1
sites.google.com/site/williamalvarez/,1
www.google.com/doubleclick/,1
promo.yahoo.com/user_research/,1
groups.google.com/group/Digital-Advertising,1
biz.yahoo.com/prnews/,1
news.google.com/?topic=b,1
news.google.com/?topic=b&amp;output=rss,1
www.amazon.com/exec/obidos/subst/associates/join/associates.html,1
personals.yahoo.com/static/affiliate_splash,1
www.apple.com/itunes/affiliates/resources/,1
finance.groups.yahoo.com/group/mlmsurvivorsclub/,1
www.microsoft.com/mspress/,1
dtp.amazon.com/mn/signin,1
sites.google.com/site/mkappraisal/,1
sites.google.com/site/doctorwalcott/,1
sites.google.com/site/dicksonsbookkeeping/,1
sites.google.com/a/answerall.net/answerall/Home,1
finance.groups.yahoo.com/group/Tower_Climbers/,1
groups.yahoo.com/group/Tower-pro/,1
sites.google.com/site/neomatrix4242/,1
www.microsoft.com/uc/default.mspx,1
groups.yahoo.com/group/smart-net/,1
groups.yahoo.com/group/lmrpager/,1
health.groups.yahoo.com/group/EM-risks/,1
finance.groups.yahoo.com/group/Tower-pro/,1
finance.groups.yahoo.com/group/TrunkingForum/,1
finance.groups.yahoo.com/group/LMR/,1
finance.groups.yahoo.com/group/radios4sale/,1
sites.google.com/site/cottonlinters/,1
www.amazon.com/Natural-Plastics-Composites-Frederick-Wallenberger/dp/1402076436,1
sites.google.com/site/macwhat/historicfranklinsville,1
fiberfantasies.wordpress.com/2007/09/28/cotton-from-the-fields-to-the-mills/,1
tech.groups.yahoo.com/group/shipbuilding/,1
groups.yahoo.com/group/pilotcars/,1
research.microsoft.com/users/dinei/,1
www.research.microsoft.com/research/nips95bn/,1
code.google.com/p/bnt/,1
groups.yahoo.com/group/recursive-partitioning/,1
groups.yahoo.com/group/machine-learning/,1
research.microsoft.com/~dmax/WinMine/tooldoc.htm,1
code.google.com/p/thebeast/,1
code.google.com/p/mpoems-in-java/,1
research.microsoft.com/~cmbishop/,1
research.microsoft.com/~minka/,1
sites.google.com/site/rxghome/,1
sites.google.com/site/kamovich/,1
research.microsoft.com/en-us/um/people/horvitz/,1
sites.google.com/site/jfunge2/,1
research.microsoft.com/vision/,1
tech.groups.yahoo.com/group/chief-users/,1
tech.groups.yahoo.com/group/catiav5/,1
groups.yahoo.com/group/TurboCAD-File-Library/,1
www.adobe.com/accessibility/,1
images.apple.com/main/rss/hotnews/hotnews.rss,1
www.google.com/corporate/,1
code.google.com/appengine/,1
www.google.com/apps/intl/en/business/,1
www.google.com/press/,1
www.google.com/tenthbirthday/,1
developers.google.com/analytics/,1
developers.google.com/adwords/api/,1
developers.google.com/blogger/,1
www.microsoft.com/about/,1
www.microsoft.com/careers/,1
www.microsoft.com/presspass/,1
www.microsoft.com/msft/default.mspx,1
www.apple.com/usergroups,1
www.apple.com/support/products/proplan.html,1
www.apple.com/buy/,1
developer.apple.com/products/support.html,1
docs.yahoo.com/info/misc/history.html,1
www.research.microsoft.com/research/graphics/,1
research.microsoft.com/en-us/events/wing2010/,1
research.microsoft.com/conferences/dbpl05/,1
www.apple.com/server/macosx/technology/xgrid.html,1
msdn.microsoft.com/en-us/library/ms809340.aspx,1
developer.yahoo.com/hadoop/,1
twitter.com/#!/hadoop,1
www.research.microsoft.com/~tball/,1
research.microsoft.com/en-us/labs/cambridge/,1
sites.google.com/site/searchtcs/,1
sites.google.com/site/tsomokos/,1
sites.google.com/site/albanyfreewifi/,1
groups.yahoo.com/group/bluetooth/,1
tech.groups.yahoo.com/group/rpm-list/,1
code.google.com/p/zxing/wiki/BarcodeContents,1
partners.adobe.com/public/developer/acrobat/sdk/,1
www.adobe.com/aboutadobe/pressroom/pressreleases/200701/012907OpenPDFAIIM.html,1
www.adobe.com/accessibility/products/reader/,1
www.adobe.com/products/acrobat/,1
www.adobe.com/products/postscript/,1
partners.adobe.com/public/developer/ps/index_specs.html,1
partners.adobe.com/public/developer/ps/sdk/index_archive.html,1
msdn.microsoft.com/en-us/library/aa140277(office.10).aspx,1
developer.apple.com/legacy/mac/library/technotes/fl/fl_36.html,1
www.apple.com/xsan/,1
msdn.microsoft.com/en-us/library/ms532969(VS.85).aspx,1
code.google.com/p/lib3ds/,1
groups.yahoo.com/group/BlackSunFamily/,1
partners.adobe.com/public/developer/tiff/index.html,1
partners.adobe.com/public/developer/en/tiff/TIFF6.pdf,1
partners.adobe.com/public/developer/en/tiff/TIFFPM6.pdf,1
partners.adobe.com/public/developer/en/tiff/TIFFphotoshop.pdf,1
www.adobe.com/products/photoshop/extend.displayTab2.html,1
www.adobe.com/svg/,1
www.adobe.com/svg/viewer/install/,1
www.adobe.com/products/flashlite/,1
msdn.microsoft.com/en-us/library/bb250524(VS.85).aspx,1
msdn.microsoft.com/en-us/library/ms670169(VS.85).aspx,1
tech.groups.yahoo.com/group/Expert_HTML/,1
code.google.com/p/explorercanvas/,1
msdn.microsoft.com/en-us/library/aa768024(VS.85).aspx,1
groups.yahoo.com/group/oz-ebxml/,1
tech.groups.yahoo.com/group/voicexml/,1
msdn.microsoft.com/en-us/library/aa468560.aspx,1
msdn.microsoft.com/en-us/office/aa905545.aspx,1
tech.groups.yahoo.com/group/xml-doc/,1
msdn.microsoft.com/en-us/library/ms912490.aspx,1
msdn.microsoft.com/en-us/library/ms759204(VS.85).aspx,1
msdn.microsoft.com/en-us/data/bb190600.aspx,1
code.google.com/p/marknote/,1
www.microsoft.com/en-us/download/details.aspx?id=7973,1
www.microsoft.com/biztalk/,1
www.microsoft.com/mspress/books/sampchap/4790.aspx,1
www.adobe.com/devnet/dreamweaver/articles/css_simple_styling.html,1
tools.google.com/dlpage/webmmf,1
voices.yahoo.com/how-own-greeting-cards-using-personal-74015.html,1
www.adobe.com/products/plugins/indesign/,1
office.microsoft.com/publisher/,1
msdn.microsoft.com/en-gb/office/aa905474.aspx,1
groups.yahoo.com/group/ebook-community/,1
www.amazon.com/kindle-store-ebooks-newspapers-blogs/b?ie=UTF8&amp;node=133141011,1
www.apple.com/ipad/built-in-apps/ibooks.html,1
www.adobe.com/products/digitaleditions/,1
www.adobe.com/products/content-server.html,1
www.adobe.com/support/certification/index.html,1
groups.yahoo.com/group/CISSP-Discuss/,1
code.google.com/p/ukncbtl/,1
code.google.com/p/twoapple/,1
tech.groups.yahoo.com/group/hercules-390/,1
tech.groups.yahoo.com/group/turnkey-mvs,1
tech.groups.yahoo.com/group/H390-mvs,1
tech.groups.yahoo.com/group/hercules-os380,1
tech.groups.yahoo.com/group/H390-VM,1
www.microsoft.com/windowsserversystem/virtualserver/,1
www.apple.com/about/webbadges/,1
www.microsoft.com/typography/otfntdev/bengalot/default.htm,1
www.microsoft.com/typography/links/,1
www.microsoft.com/truetype/,1
groups.yahoo.com/group/blinkies/,1
groups.yahoo.com/group/WebtvSigHelp/,1
developer.apple.com/hardware/usb/,1
tech.groups.yahoo.com/group/avrbutterfly/,1
groups.yahoo.com/group/Jal_developers/,1
tech.groups.yahoo.com/group/jallist/,1
groups.google.com/group/comp.arch.fpga/msg/e9000f25e6a53c58,1
tech.groups.yahoo.com/group/mattelaquarius/,1
www.apple.com/displays/,1
www.adobe.com/products/printerdrivers/,1
groups.google.com/group/comp.arch.fpga/msg/4cc654943764166d,1
www.apple.com/xserve/raid/,1
groups.yahoo.com/group/lansa2/,1
sites.google.com/site/babbagedifferenceengine/,1
www.research.microsoft.com/users/gbell/,1
www.microsoft.com/presspass/exec/billg/,1
www.youtube.com/watch?v=UF8uR6Z6KLc,1
research.microsoft.com/lampson/,1
www.microsoft.com/presspass/features/2002/apr02/04-17msrcambridge.mspx,1
www.youtube.com/watch?v=LXZ1OL2U3lY,1
www.youtube.com/watch?v=7FjX7r5icV8,1
tech.groups.yahoo.com/group/sandchi/,1
www.google.com/recaptcha,1
groups.yahoo.com/group/aoldiskcollectors/,1
www.microsoft.com/windows/ieak/,1
www.microsoft.com/windows/windowsmedia/,1
www.apple.com/quicktime/,1
www.google.com/talk/,1
code.google.com/apis/talk/talk_developers_home.html,1
code.google.com/p/exodus/,1
code.google.com/p/ijab/,1
research.microsoft.com/en-us/projects/portrait/,1
groups.yahoo.com/group/PalDevGroup/,1
groups.yahoo.com/group/MacPal/,1
groups.yahoo.com/group/PalacePioneers/,1
groups.yahoo.com/group/palace-client/,1
groups.yahoo.com/group/palace-bots/,1
groups.yahoo.com/group/Palace-Graphics/,1
groups.yahoo.com/group/palace-iptscrae/,1
groups.yahoo.com/group/palace-pserver/,1
groups.yahoo.com/group/S-O-P/,1
groups.yahoo.com/group/PCGF/,1
groups.yahoo.com/group/instantpalace/,1
groups.yahoo.com/group/deepthoughtsII/,1
groups.yahoo.com/group/jbumPOSI/,1
groups.yahoo.com/group/palace-server/,1
groups.yahoo.com/group/castledenizens/,1
groups.yahoo.com/group/hmiTourists/,1
groups.yahoo.com/group/palace-announce/,1
tech.groups.yahoo.com/group/missingpalatians/,1
groups.yahoo.com/group/sandalsresortsvisitorshangout/,1
code.google.com/appengine/docs/python/gettingstarted/helloworld.html,1
aws.amazon.com/documentation/,1
msdn.microsoft.com/en-us/ff380142.aspx,1
www.microsoft.com/windowsazure/,1
code.google.com/apis/storage/,1
www.facebook.com/Euphnet?sk=wall,1
randazza.wordpress.com/2010/08/20/no-man-is-an-island-but-wipo-is-no-man/,1
www.google.com/postini/,1
groups.google.com/group/Gmail-Generation,1
groups.yahoo.com/group/groupshelp/,1
groups.yahoo.com/group/moderators-n-listowners/,1
groups.yahoo.com/group/Anti-spam/,1
www.apple.com/dotmac/,1
groups.yahoo.com/group/mediamentor/,1
tech.groups.yahoo.com/group/80sBBS/,1
sites.google.com/site/blogsindex/web-directory,1
www.adobe.com/showcase/,1
groups.yahoo.com/group/vintiksclub/,1
groups.yahoo.com/group/clubaboutonlinecommunities/,1
tech.groups.yahoo.com/group/onlinefacilitation/,1
www.facebook.com/apps/,1
blog.facebook.com/atom.php,1
twitter.com/pinterest,1
code.google.com/p/twitterbook/,1
groups.yahoo.com/group/podcasters/,1
tech.groups.yahoo.com/group/podcastingannouncements/,1
tech.groups.yahoo.com/group/rss-dev/,1
groups.yahoo.com/group/rss-dev/files/Modules/Proposed/mod_admin.html,1
groups.yahoo.com/group/rss-dev/files/Modules/Proposed/mod_aggregation.html,1
groups.yahoo.com/group/rss-dev/files/Modules/Proposed/mod_annotation.html,1
groups.yahoo.com/group/rss-dev/files/Modules/Proposed/mod_audio.html,1
groups.yahoo.com/group/rss-dev/files/Modules/Proposed/mod_changedpage.html,1
groups.yahoo.com/group/rss-dev/files/Modules/Proposed/mod_company.html,1
groups.yahoo.com/group/rss-dev/files/Modules/Proposed/mod_event.html,1
groups.yahoo.com/group/rss-dev/files/Modules/Proposed/mod_rss091.html,1
groups.yahoo.com/group/rss-dev/files/Modules/Proposed/mod_slash.html,1
groups.yahoo.com/group/rss-dev/files/Modules/Proposed/mod_streaming-1.2.html,1
groups.yahoo.com/group/rss-dev/files/Modules/Proposed/mod_taxonomy-1-2.html,1
groups.yahoo.com/group/rss-dev/files/Modules/Proposed/mod_threading.html,1
groups.yahoo.com/group/rss-dev/files/Modules/Proposed/mod_servicestatus.html,1
groups.yahoo.com/group/rss-dev/files/Modules/Proposed/mod_dcterms.html,1
search.yahoo.com/mrss,1
tech.groups.yahoo.com/group/bloggerDev/,1
tech.groups.yahoo.com/group/blogging_community/,1
tech.groups.yahoo.com/group/weblogs2/,1
groups.yahoo.com/group/pinoyblogs/,1
groups.yahoo.com/group/blogpromo/,1
tech.groups.yahoo.com/group/klogs/,1
blogsearch.google.com/blogsearch,1
tech.groups.yahoo.com/group/dotcomments-support/,1
www.adobe.com/products/contribute/,1
aws.amazon.com/s3,1
code.google.com/p/damnvid/,1
technet.microsoft.com/en-us/network/bb530961.aspx,1
support.microsoft.com/default.aspx?scid=KB;EN-US;Q241545&amp;,1
research.microsoft.com/apps/pubs/default.aspx?id=70189,1
www.microsoft.com/windows/ie/ie6/using/howto/security/contentadv/config.mspx,1
technet.microsoft.com/en-gb/forefront/edgesecurity/default.aspx,1
groups.yahoo.com/group/nybble/,1
research.microsoft.com/research/pubs/view.aspx?pubid=1460,1
research.microsoft.com/~ryenw/papers/ClarkeSIGIR2007.pdf,1
research.microsoft.com/apps/pubs/default.aspx?id=67818,1
research.microsoft.com/apps/pubs/default.aspx?id=69202,1
ecom.yahoo.com/dir/submit/intro,1
groups.google.com/group/opensearch,1
www.microsoft.com/en-us/news/presskits/bing/,1
groups.google.com/group/google-friends,1
www.google.com/products,1
sites.google.com/site/tomihasa/google-general-faq,1
sites.google.com/site/studygooogle/,1
www.google.com/logos/,1
www.google.com/press/pressrel/enhancements.html,1
www.google.com/intl/en/press/pressrel/twaol_expanded.html,1
sites.google.com/site/znejwxwont/,1
research.google.com/pubs/papers.html,1
chrome.google.com/webstore/detail/nolijncfnkgaikbjbdaogikpmpbdcdef,1
developer.yahoo.com/search/,1
www.microsoft.com/enable/,1
groups.google.com/group/accessible/,1
www.youtube.com/watch?v=AmUPhEVWu_E,1
www.google.com/trends/hottrends,1
adwords.google.com/select/KeywordToolExternal,1
sites.google.com/site/chisaidigital/,1
smallbusiness.yahoo.com/webhosting/,1
www.adobe.com/devnet/,1
support.microsoft.com/kb/q182615/,1
docs.yahoo.com/info/pr/releases.html,1
www.google.com/adsense/,1
www.google.com/ads/,1
www.adobe.com/devnet/flash/testing_usability.html,1
www.microsoft.com/sharepoint/,1
tech.groups.yahoo.com/group/eClippings/,1
code.google.com/p/symbian-incubation-projects/,1
www.adobe.com/products/acrobat/readerforsymbian.html,1
www.adobe.com/web/wireless/mms.html,1
www.google.com/sms/,1
www.adobe.com/products/flash/,1
www.adobe.com/accessibility/products/flash/,1
blogs.adobe.com/accessibility/flash/,1
code.google.com/p/swfobject/,1
www.adobe.com/devnet/seo/,1
www.adobe.com/support/flash/,1
www.adobe.com/cfusion/knowledgebase/index.cfm?id=tn_14266,1
blogs.adobe.com/penguin.swf/,1
blogs.adobe.com/penguin.swf/atom.xml,1
www.adobe.com/products/flex/,1
www.adobe.com/cfusion/webforums/forum/categories.cfm?forumid=60&amp;catid=585,1
www.adobe.com/devnet/flex/videotraining/,1
opensource.adobe.com/wiki/display/flexsdk/Flex+SDK,1
www.adobe.com/devnet/flex/,1
www.adobe.com/go/rss_flex,1
code.google.com/p/flexlib/,1
code.google.com/p/fluint/,1
opensource.adobe.com/wiki/display/flexunit/FlexUnit,1
code.google.com/p/dphibernate/,1
opensource.adobe.com/wiki/display/flexsdk/Gumbo,1
tech.groups.yahoo.com/group/myflex/,1
code.google.com/p/javafxmode/,1
code.google.com/p/widgetfx/,1
code.google.com/p/jfxtras/,1
www.microsoft.com/silverlight/,1
msdn.microsoft.com/en-us/asp.net/bb187358.aspx,1
msdn.microsoft.com/en-us/magazine/cc163404.aspx,1
www.microsoft.com/presspass/press/2007/apr07/04-15WPFEPR.mspx,1
en-gb.facebook.com/group.php?gid=30278313127,1
www.adobe.com/products/aftereffects/,1
www.adobe.com/products/premiere/,1
code.google.com/p/get-flash-videos/,1
www.apple.com/ilife/imovie/,1
www.apple.com/finalcutpro/,1
www.adobe.com/products/premiere-elements.html,1
tech.groups.yahoo.com/group/multimedia-people/,1
www.apple.com/itunes/,1
www.microsoft.com/windows/mediaplayer/,1
developer.apple.com/quicktime/,1
www.amazon.com/exec/obidos/ASIN/0071348190,1
www.amazon.com/exec/obidos/ASIN/0792381300,1
www.microsoft.com/windows/windowsmedia/mp10/default.aspx,1
www.apple.com/quicktime/player/,1
groups.yahoo.com/group/buzz-jam/,1
groups.yahoo.com/group/Buzz-Buzz/,1
groups.yahoo.com/group/experimental-music-with-buzz/,1
code.google.com/p/quodlibet/,1
www.apple.com/ilife/garageband/,1
groups.yahoo.com/group/16tone,1
www.microsoft.com/windows/windowsmedia/player/mac/mp71/,1
tech.groups.yahoo.com/group/mozart_software/,1
groups.yahoo.com/group/finale/,1
groups.yahoo.com/group/forza-talk/,1
groups.yahoo.com/group/finpdk/,1
groups.yahoo.com/group/logic-users/,1
groups.yahoo.com/group/logic-tdm/,1
groups.yahoo.com/group/logic-ot/,1
www.apple.com/logic/,1
groups.yahoo.com/group/Digital-Performer/,1
code.google.com/p/ilyrics/,1
windows.microsoft.com/en-GB/windows/products/windows-media,1
www.adobe.com/support/authorware/,1
www.adobe.com/products/authorware/,1
developer.apple.com/opensource/,1
code.google.com/hosting/,1
tech.groups.yahoo.com/group/ntemacs-users/,1
code.google.com/p/irrlamb/,1
code.google.com/p/cspoker/,1
sites.google.com/site/osbtools/,1
code.google.com/p/phpshop/,1
code.google.com/p/ochan/,1
code.google.com/p/aldrin-sequencer/,1
'www.amazon.com/s/url=search-alias\%3Dstripbooks&amp;field-keywords=Capacity+Planning',1
code.google.com/p/semanticagent/,1
code.google.com/p/antlrhrc/,1
code.google.com/p/iburg/,1
www.microsoft.com/com/,1
www.microsoft.com/presspass/press/1999/Feb99/DNApr.mspx,1
'www.amazon.com/s/url=search-alias\%3Dstripbooks&amp;field-keywords=Component+Frameworks+COM',1
www.microsoft.com/msj/0599/complusprog/complusprog.aspx,1
support.microsoft.com/kb/q281335/,1
www.microsoft.com/presspass/press/1997/Sept97/COMplspr.mspx,1
www.amazon.com/exec/obidos/ASIN/157231849X,1
www.microsoft.com/msj/0198/mtscom/mtscom.htm,1
research.microsoft.com/~ymwang/papers/HTML/DCOMnCORBA/S.html,1
www.microsoft.com/net/,1
msdn.microsoft.com/en-us/netframework/aa663323.aspx,1
msdn.microsoft.com/en-us/netframework/aa569283.aspx,1
www.microsoft.com/presspass/press/2000/nov00/VSFWbeta1PR.mspx,1
msdn.microsoft.com/en-us/library/ms973843.aspx,1
msdn.microsoft.com/en-us/magazine/bb985026.aspx,1
msdn.microsoft.com/en-us/magazine/cc301569.aspx,1
msdn.microsoft.com/netframework/aa497273.aspx,1
msdn.microsoft.com/en-us/library/ms973850.aspx,1
microsoft.com/netframework/,1
msdn.microsoft.com/en-us/library/ms973862.aspx,1
msdn.microsoft.com/en-gb/theshow.aspx,1
msdn.microsoft.com/library/bb429476.aspx,1
msdn.microsoft.com/en-us/library/ms182409.aspx,1
code.msdn.microsoft.com/silverlightut,1
code.google.com/p/moq/,1
research.microsoft.com/en-us/projects/pex/,1
research.microsoft.com/en-us/projects/moles/,1
msdn.microsoft.com/webservices/,1
www.microsoft.com/presspass/features/2000/nov00/11-13visualstudio.mspx,1
support.microsoft.com/default.aspx?scid=KB;EN-US;Q183606&amp;,1
msdn.microsoft.com/en-us/library/aa905875(SQL.80).aspx,1
support.microsoft.com/kb/183606,1
msdn.microsoft.com/en-us/library/Aa224767,1
msdn.microsoft.com/en-us/library/ms805098,1
msdn.microsoft.com/en-us/library/ms681484(v=vs.85).aspx,1
msdn.microsoft.com/en-us/library/Aa286484,1
msdn.microsoft.com/en-us/library/ms971481.aspx,1
msdn.microsoft.com/en-us/library/aa302325.aspx,1
msdn.microsoft.com/en-us/library/ms971491.aspx,1
msdn.microsoft.com/en-us/library/ms978496.aspx,1
msdn.microsoft.com/en-us/library/ms971502.aspx,1
msdn.microsoft.com/en-us/library/ms978457.aspx,1
msdn.microsoft.com/en-us/library/ms810288.aspx,1
msdn.microsoft.com/en-us/library/Ee817654(pandp.10).aspx,1
msdn.microsoft.com/en-us/magazine/cc301611.aspx,1
msdn.microsoft.com/en-us/magazine/cc188748.aspx,1
msdn.microsoft.com/en-us/magazine/cc188750.aspx,1
msdn.microsoft.com/en-us/magazine/cc188790.aspx,1
www.amazon.com/exec/obidos/tg/detail/-/186100463X/,1
msdn.microsoft.com/en-us/library/ms810829.aspx,1
code.google.com/p/pastelog/,1
www.microsoft.com/whdc/devtools/debugging/,1
tech.groups.yahoo.com/group/magicu-l/,1
tech.groups.yahoo.com/group/PowerObject/,1
www.adobe.com/products/robohelp/,1
research.microsoft.com/~hoppe/,1
developer.apple.com/graphicsimaging/opengl/,1
msdn.microsoft.com/en-us/library/ms537006(VS.85).aspx,1
lists.apple.com/mailman/listinfo/mac-opengl,1
tech.groups.yahoo.com/group/opengl-gamedev-l/,1
tech.groups.yahoo.com/group/pyopengl/,1
msdn.microsoft.com/en-us/asp.net/default.aspx,1
tech.groups.yahoo.com/group/codesnips/,1
msdn.microsoft.com/en-us/library/ms972429.aspx,1
msdn.microsoft.com/en-us/magazine/cc301329.aspx,1
msdn.microsoft.com/en-us/library/aa478959.aspx,1
support.microsoft.com/default.aspx?scid=KB;EN-US;q167941&amp;,1
support.microsoft.com/default.aspx?scid=KB;EN-US;Q294271&amp;,1
www.google.com/cse/home?cx=016470950001878139406:ttj6oz4dukc,1
tech.groups.yahoo.com/group/coldfusion-howto/,1
www.adobe.com/support/training/products/coldfusion.html,1
developer.yahoo.com/coldfusion/,1
www.adobe.com/cfusion/usergroups/,1
developers.google.com/appengine/docs/whatisgoogleappengine,1
msdn.microsoft.com/en-us/library/aa480029.aspx,1
research.microsoft.com/projects/Samoa,1
tech.groups.yahoo.com/group/rest-discuss/,1
tech.groups.yahoo.com/group/rest-explore/,1
tech.groups.yahoo.com/group/ucapi-discuss/,1
tech.groups.yahoo.com/group/wsdl/,1
msdn.microsoft.com/en-us/library/ms740548.aspx,1
msdn.microsoft.com/en-us/library/ms740673.aspx,1
www.microsoft.com/windows/ie/default.htm,1
tech.groups.yahoo.com/group/ADA_Programming_Language/,1
tech.groups.yahoo.com/group/ada-group/,1
research.microsoft.com/users/GBell/Computer_Engineering/00000506.htm,1
'www.amazon.com/s/url=search-alias\%3Dstripbooks&amp;field-keywords=apl',1
tech.groups.yahoo.com/group/geeksthatgawk/,1
sites.google.com/site/jackparke/awkgui,1
tech.groups.yahoo.com/group/Basic4Beginners/,1
tech.groups.yahoo.com/group/qbasic/,1
tech.groups.yahoo.com/group/xbasic/,1
code.google.com/p/hiberlite/,1
code.google.com/p/amop/,1
code.google.com/p/sckt/,1
code.google.com/p/spserver/,1
code.google.com/p/ting/,1
code.google.com/p/ticpp/,1
code.google.com/edu/submissions/waterloo-concurrent/index.html,1
www.microsoft.com/mind/0199/netmeeting/netmeeting.htm,1
support.microsoft.com/default.aspx?scid=support.microsoft.com:80/support/kb/articles/Q166/4/80.asp&amp;NoWebContent=1&amp;NoWebContent=1,1
msdn.microsoft.com/en-us/magazine/cc163971.aspx,1
msdn.microsoft.com/vcsharp/,1
www.microsoft.com/presspass/press/2000/jun00/CSharpPR.mspx,1
www.microsoft.com/presspass/features/2000/jun00/06-26csharp.mspx,1
msdn.microsoft.com/en-us/magazine/cc301505.aspx,1
www.amazon.com/exec/obidos/ASIN/0835970124,1
tech.groups.yahoo.com/group/cprogramming2/,1
sites.google.com/site/cobolscript/cobolscript,1
research.microsoft.com/comega/,1
tech.groups.yahoo.com/group/curlbreaker-l/,1
tech.groups.yahoo.com/group/d_lab/,1
tech.groups.yahoo.com/group/leds_editor/,1
tech.groups.yahoo.com/group/delphi-winsock/,1
tech.groups.yahoo.com/group/delphi-en/,1
www.amazon.com/exec/obidos/ASIN/0764532375,1
tech.groups.yahoo.com/group/Les_Amoureux_De_Delphi/,1
tech.groups.yahoo.com/group/indug/,1
video.google.com/videoplay?docid=-5830318882717959520,1
tech.groups.yahoo.com/group/euroforth/,1
code.google.com/p/ffl/,1
'www.amazon.com/s/url=search-alias\%3Dstripbooks&amp;field-keywords=forth+programming',1
groups.yahoo.com/group/camelforth/,1
lists.apple.com/mailman/listinfo/fortran-dev,1
msdn.microsoft.com/en-us/library/ms811901.aspx,1
code.google.com/p/foraytool/,1
code.google.com/p/f90tohtml/,1
www.amazon.com/exec/obidos/ASIN/0201342758,1
msdn.microsoft.com/en-us/library/bb509638.aspx,1
msdn.microsoft.com/en-us/library/bb173495.aspx,1
msdn.microsoft.com/en-us/library/bb313969.aspx,1
ozone.wordpress.com/2006/03/15/blame-it-on-io/,1
tech.groups.yahoo.com/group/iolanguage/,1
tech.groups.yahoo.com/group/portlets/,1
code.google.com/p/google-gson/,1
code.google.com/p/javapng/,1
code.google.com/p/visural-wicket/,1
code.google.com/p/jkeylockmanager/,1
tech.groups.yahoo.com/group/a1ajavajobs/,1
sites.google.com/site/peterhoppe/objdump,1
code.google.com/p/jswat/,1
developer.apple.com/java/javawebstart/,1
tech.groups.yahoo.com/group/jbuilder-dev/,1
msdn.microsoft.com/en-us/library/aa266331(VS.60).aspx,1
msdn.microsoft.com/en-us/library/aa260513(VS.60).aspx,1
msdn.microsoft.com/en-us/library/aa260515(VS.60).aspx,1
msdn.microsoft.com/en-us/library/aa260509(VS.60).aspx,1
msdn.microsoft.com/en-us/library/aa260529(VS.60).aspx,1
msdn.microsoft.com/en-us/library/aa260511(VS.60).aspx,1
support.microsoft.com/default.aspx?scid=support.microsoft.com:80/support/kb/articles/q169/1/73.asp,1
msdn.microsoft.com/en-us/library/aa260526(VS.60).aspx,1
support.microsoft.com/default.aspx?scid=support.microsoft.com:80/support/kb/articles/Q219/4/30.ASP,1
msdn.microsoft.com/en-us/library/aa260508(VS.60).aspx,1
msdn.microsoft.com/en-us/library/aa260521(VS.60).aspx,1
msdn.microsoft.com/vjsharp/,1
code.google.com/p/oktech-profiler/,1
www.adobe.com/products/jrun/,1
tech.groups.yahoo.com/group/jrun-interest/,1
support.microsoft.com/default.aspx?scid=support.microsoft.com:80/support/kb/articles/Q172/2/02.asp&amp;NoWebContent=1,1
support.microsoft.com/default.aspx?scid=support.microsoft.com:80/support/kb/articles/Q162/1/64.asp&amp;NoWebContent=1,1
support.microsoft.com/default.aspx?scid=support.microsoft.com:80/support/kb/articles/Q215/4/84.ASP&amp;NoWebContent=1,1
support.microsoft.com/default.aspx?scid=support.microsoft.com:80/support/kb/articles/Q196/8/94.ASP&amp;NoWebContent=1,1
support.microsoft.com/default.aspx?scid=support.microsoft.com:80/support/kb/articles/q169/1/73.asp&amp;NoWebContent=1,1
support.microsoft.com/default.aspx?scid=support.microsoft.com:80/support/kb/articles/Q219/4/30.ASP&amp;NoWebContent=1,1
support.microsoft.com/default.aspx?scid=support.microsoft.com:80/support/kb/articles/Q173/7/90.asp&amp;NoWebContent=1,1
support.microsoft.com/default.aspx?scid=support.microsoft.com:80/support/kb/articles/q179/8/49.asp&amp;NoWebContent=1,1
support.microsoft.com/default.aspx?scid=support.microsoft.com:80/support/kb/articles/q180/7/12.asp&amp;NoWebContent=1,1
support.microsoft.com/default.aspx?scid=support.microsoft.com:80/support/kb/articles/q167/9/41.asp&amp;NoWebContent=1,1
support.microsoft.com/default.aspx?scid=support.microsoft.com:80/support/kb/articles/q178/5/61.asp&amp;NoWebContent=1,1
developer.apple.com/java/,1
tech.groups.yahoo.com/group/jini_javaspaces/,1
www.apple.com/support/bonjour/,1
tech.groups.yahoo.com/group/caffeinated_penguins/,1
tech.groups.yahoo.com/group/straight_talking_java/,1
code.google.com/p/j4me/,1
sites.google.com/site/question2answer/,1
www.microsoft.com/mscorp/java/,1
sites.google.com/site/javatouch/,1
tech.groups.yahoo.com/group/javacertstudy/,1
tech.groups.yahoo.com/group/alexjug/,1
tech.groups.yahoo.com/group/bdjug/,1
tech.groups.yahoo.com/group/ServerSide-India/,1
tech.groups.yahoo.com/group/java-desk/,1
tech.groups.yahoo.com/group/iejug/,1
tech.groups.yahoo.com/group/semichiganjug/,1
tech.groups.yahoo.com/group/SpaceJUG/,1
tech.groups.yahoo.com/group/sfl_jug/,1
tech.groups.yahoo.com/group/cvillejug/,1
developer.apple.com/internet/webcontent/xmlhttpreq.html,1
code.google.com/webtoolkit/,1
code.google.com/p/linb/,1
msdn.microsoft.com/en-us/library/ms537623(vs.85).aspx,1
www.adobe.com/cfusion/knowledgebase/index.cfm?id=tn_14924,1
msdn.microsoft.com/en-us/library/ms974588.aspx,1
msdn.microsoft.com/en-us/library/72bd815a(VS.80).aspx,1
code.google.com/p/jslibs/,1
code.google.com/p/gpsee/,1
www.youtube.com/watch?v=F6k8lTrAE2g,1
developer.yahoo.com/yui/,1
code.google.com/p/jsdoc-toolkit/,1
code.google.com/p/javascript-joystick/,1
www.amazon.com/exec/obidos/ASIN/0201820803,1
sites.google.com/site/imaximaimath/,1
groups.yahoo.com/group/LogoForum/,1
code.google.com/p/turboturtle/,1
tech.groups.yahoo.com/group/ocaml_beginners/,1
research.microsoft.com/en-us/um/cambridge/projects/fsharp/,1
'www.amazon.com/s/url=search-alias\%3Dstripbooks&amp;field-keywords=oberon+programming',1
www.amazon.com/exec/obidos/ASIN/0070062811,1
developer.apple.com/cocoa/index.html,1
code.google.com/p/phpobfuskator/,1
tech.groups.yahoo.com/group/phpexperts/,1
video.google.com/videoplay?docid=-4603504844034540440,1
docs.google.com/View?docid=dd33gg45_3f8j96p,1
www.facebook.com/typo3,1
code.google.com/p/php-syslog-ng/,1
code.google.com/p/phpsimpl/,1
sites.google.com/site/plipreproc/,1
tech.groups.yahoo.com/group/PLIDevelopers,1
code.google.com/p/legstar-pli2cob/,1
code.google.com/p/apsw/,1
code.google.com/p/pysqlite/,1
groups.google.com/group/michipug,1
tech.groups.yahoo.com/group/grimpypers/,1
tech.groups.yahoo.com/group/PhillyPug/,1
groups.google.com/group/clepy/,1
groups.google.com/group/utahpython,1
groups.google.com/group/Rebol,1
tech.groups.yahoo.com/group/Rebol_New/,1
tech.groups.yahoo.com/group/OSCAR-PROJECT/,1
tech.groups.yahoo.com/group/rtog-list/,1
tech.groups.yahoo.com/group/vanilla-pudding/,1
research.microsoft.com/en-us/downloads/bd99f343-4ff4-4041-8293-34c054efe749/default.aspx,1
code.google.com/p/re2/,1
msdn.microsoft.com/en-us/library/hs600312.aspx,1
tech.groups.yahoo.com/group/arexx/,1
tech.groups.yahoo.com/group/rexxlist/,1
groups.yahoo.com/group/ibm-netrexx/,1
tech.groups.yahoo.com/group/GuiObjectRexx/,1
www.amazon.com/exec/obidos/tg/feature/-/99126/,1
developer.apple.com/tools/rubyonrails.html,1
code.google.com/intl/fr/apis/gdata/articles/gdata_on_rails.html,1
www.amazon.com/exec/obidos/ASIN/013442526X,1
www.amazon.com/exec/obidos/ASIN/0201737930,1
www.amazon.com/exec/obidos/ASIN/1583484906,1
www.amazon.com/exec/obidos/ASIN/0201116693,1
www.amazon.com/exec/obidos/ASIN/0201113724,1
www.amazon.com/exec/obidos/ASIN/0134659643,1
www.amazon.com/exec/obidos/ASIN/0134684141,1
www.amazon.com/exec/obidos/ASIN/0201113716,1
www.amazon.com/exec/obidos/ASIN/025611210X,1
www.amazon.com/exec/obidos/ASIN/0133183874,1
www.amazon.com/exec/obidos/ASIN/0201106981,1
'www.amazon.com/s/url=search-alias\%3Dstripbooks&amp;field-keywords=IBM\%2Bvisualage',1
tech.groups.yahoo.com/group/self-interest/,1
tech.groups.yahoo.com/group/squeak/,1
tech.groups.yahoo.com/group/ny-stug/,1
tech.groups.yahoo.com/group/pocketstug/,1
tech.groups.yahoo.com/group/Smalltalk-80/,1
groups.yahoo.com/group/visualbasic6programming/,1
tech.groups.yahoo.com/group/molisoft/,1
msdn.microsoft.com/en-us/library/aa260635(VS.60).aspx,1
msdn.microsoft.com/en-us/library/aa260637(VS.60).aspx,1
www.microsoft.com/mspress/books/2137.asp,1
www.amazon.com/exec/obidos/ASIN/0130883611,1
www.microsoft.com/mspress/books/6259.aspx,1
msdn.microsoft.com/en-us/library/aa260644(VS.60).aspx,1
msdn.microsoft.com/en-us/magazine/cc302016.aspx,1
msdn.microsoft.com/en-us/library/aa383750.aspx,1
msdn.microsoft.com/en-us/vfoxpro/,1
tech.groups.yahoo.com/group/madfox_vfp/,1
www.amazon.com/exec/obidos/ASIN/0764525360,1
tech.groups.yahoo.com/group/waterlanguage/,1
'www.amazon.com/s/url=search-alias\%3Dstripbooks&amp;field-keywords=z+programming',1
www.amazon.com/exec/obidos/ASIN/1572316969,1
www.microsoft.com/msj/0799/directx/directx.aspx,1
msdn.microsoft.com/en-us/xna/aa937781.aspx,1
www.microsoft.com/games/en-US/aboutGFW/pages/directx.aspx,1
tech.groups.yahoo.com/group/extremeprogramming/,1
tech.groups.yahoo.com/group/xpsig/,1
tech.groups.yahoo.com/group/xp-austin/,1
tech.groups.yahoo.com/group/melbourne_XP_enthusiasts/,1
tech.groups.yahoo.com/group/xpmontreal/,1
tech.groups.yahoo.com/group/leandevelopment/,1
groups.yahoo.com/group/scrumdevelopment/,1
www.microsoft.com/office/visio/,1
social.msdn.microsoft.com/Forums/,1
www.amazon.com/exec/obidos/ASIN/0130109126,1
msdn.microsoft.com/en-us/library/ms810427.aspx,1
msdn.microsoft.com/en-us/library/ms810438.aspx,1
msdn.microsoft.com/en-us/magazine/cc163405.aspx,1
msdn.microsoft.com/en-us/magazine/gg232758.aspx,1
groups.yahoo.com/group/FrontRangeRobotics/,1
groups.yahoo.com/group/BigSkyRobots/,1
groups.yahoo.com/group/robotcluboftraversecitymi/,1
movies.groups.yahoo.com/group/r2builders/,1
groups.yahoo.com/group/phbots/,1
groups.yahoo.com/group/patchmgmt/,1
www.microsoft.com/technet/security/bulletin/notify.mspx,1
www.microsoft.com/security/,1
www.adobe.com/support/security/,1
www.microsoft.com/downloads/en/,1
research.microsoft.com/research/vision/,1
groups.yahoo.com/group/biometrics/,1
fr.groups.yahoo.com/group/biometrie/,1
www.microsoft.com/isaserver/,1
research.microsoft.com/HoneyMonkey/,1
code.google.com/p/kippo/,1
www.google.com/corporate/software_principles.html,1
www.microsoft.com/downloads/details.aspx?FamilyID=9552D43B-04EB-4AF9-9E24-6CDE4D933600&amp;displaylang=en,1
www.microsoft.com/technet/security/bulletin/notify.asp,1
sites.google.com/site/phoenixspyware/,1
groups.yahoo.com/group/spyware/,1
groups.google.com/group/spyware-removal,1
groups.google.com/group/iso27001security,1
tech.groups.yahoo.com/group/iso-27001/,1
code.google.com/p/cryptsetup/,1
www.microsoft.com/dynamics/en/us/products/forecaster.aspx,1
sbs.smallbusiness.yahoo.com/merchant/,1
tech.groups.yahoo.com/group/info-cvs/,1
code.google.com/p/jurassic-fossil/,1
code.google.com/p/fuel-scm/,1
code.google.com/p/msysgit/,1
code.google.com/p/git-osx-installer/,1
code.google.com/p/tortoisegit/,1
www.microsoft.com/presspass/press/1999/May99/Dataminingpr.mspx,1
research.microsoft.com/mlas/,1
tech.groups.yahoo.com/group/FileMaker_Junto/,1
groups.yahoo.com/group/a1a-informixjobs/,1
msdn.microsoft.com/en-us/sqlserver/default.aspx,1
www.microsoft.com/sql/techinfo/whitepapers/sql_2008_unstructured.mspx,1
msdn.microsoft.com/en-us/library/ms169917.aspx,1
msdn.microsoft.com/en-us/library/ms345108.aspx,1
support.microsoft.com/kb/918992/,1
download.microsoft.com/download/3/5/8/35802290-a7f6-4976-8855-74c8b3b7f035/ssis2008Intro.doc,1
www.facebook.com/MySQLatFacebook,1
twitter.com/mysql,1
tech.groups.yahoo.com/group/oracleguru/,1
groups.google.com/group/mvdbms,1
tech.groups.yahoo.com/group/PICK-users/,1
tech.groups.yahoo.com/group/sbsolutions/,1
tech.groups.yahoo.com/group/rbsolutions/,1
groups.google.com/group/openqm?hl=en,1
groups.google.com/group/designbais-forum?hl=en&amp;lnk=rga,1
groups.google.com/group/InterSystems-MV?hl=en,1
groups.google.com/group/jbase?hl=en,1
groups.google.com/group/MultiValue?hl=en&amp;lnk=rgr,1
code.google.com/p/sqlite-manager/,1
sites.google.com/site/sqlitetool/home,1
code.google.com/p/yet-another-photo-screen-saver/,1
www.microsoft.com/windows/windowsmedia/player/skins.aspx,1
www.microsoft.com/windowsxp/downloads/desktop/default.mspx,1
sites.google.com/site/classroom162/,1
sites.google.com/site/oferdavidi/,1
www.apple.com/downloads/macosx/drivers/,1
support.microsoft.com/?kbid=309000,1
www.adobe.com/products/acrcapture/,1
tech.groups.yahoo.com/group/sharepoint/,1
msdn.microsoft.com/en-us/office/aa905528.aspx,1
technet.microsoft.com/en-us/windowsserver/sharepoint/default.aspx,1
twitter.com/sublimehq,1
groups.yahoo.com/group/max_users/,1
tech.groups.yahoo.com/group/peoplesoft-fans/,1
sites.google.com/site/butterworthconsulting/,1
ro.linkedin.com/in/danserbansapbwabapbasisexpert,1
www.microsoft.com/windows/products/winfamily/desktopsearch/default.mspx,1
www.microsoft.com/typography/property/property.htm,1
www.adobe.com/products/atm/,1
sites.google.com/site/lipikar002/,1
www.google.com/earth/,1
sites.google.com/site/incredimail4you/,1
technet.microsoft.com/en-us/sysinternals/bb896649.aspx,1
sites.google.com/site/salmonfilewatcher/,1
www.microsoft.com/globaldev/reference/sbcs/1253.htm,1
partners.adobe.com/asn/tech/type/unicodegn.jsp,1
tech.groups.yahoo.com/group/catmt/,1
tech.groups.yahoo.com/group/MetaTexis/,1
tech.groups.yahoo.com/group/dejavu-l/,1
tech.groups.yahoo.com/group/OmegaT/,1
groups.google.com/group/omegatplus,1
groups.yahoo.com/group/omegatplus,1
tech.groups.yahoo.com/group/sdlx/,1
tech.groups.yahoo.com/group/TW_users/,1
groups.yahoo.com/group/transit_termstar/,1
groups.yahoo.com/group/ts2000_users/,1
tech.groups.yahoo.com/group/Wordfast/,1
finance.groups.yahoo.com/group/g11njobs/,1
www.microsoft.com/typography/,1
www.microsoft.com/msj/1198/multilang/multilangsidebar.htm,1
www.microsoft.com/globaldev/reference/glossary.mspx,1
www.microsoft.com/globaldev/DrIntl/faqs/Locales.mspx,1
www.microsoft.com/globaldev/reference/keyboards.mspx,1
tech.groups.yahoo.com/group/saltmil/,1
groups.yahoo.com/group/nelocsig/,1
tech.groups.yahoo.com/group/term/,1
groups.yahoo.com/group/i18ndotnet/,1
www.microsoft.com/msj/0499/multilangunicode/multilangunicode.aspx,1
www.microsoft.com/msj/1198/multilang/multilang.aspx,1
groups.yahoo.com/group/datadefinition/,1
groups.yahoo.com/group/VTNT/,1
groups.yahoo.com/group/VTFML/,1
groups.yahoo.com/group/realtime_raytracing/,1
groups.yahoo.com/group/bmrt/,1
research.microsoft.com/~sdrucker/papers/radiosity_genexam.pdf,1
www.adobe.com/products/dimensions/,1
groups.yahoo.com/group/amapi/,1
groups.yahoo.com/group/terragen_hotheads/,1
groups.yahoo.com/group/terragen3dandmore/,1
groups.yahoo.com/group/TerragenPLUSPost/,1
groups.yahoo.com/group/TGPGuiLibAnnounce/,1
groups.yahoo.com/group/WaterWorksAnnounce/,1
groups.yahoo.com/group/TerragenTerrains/,1
groups.yahoo.com/group/FEOAnnounce/,1
groups.yahoo.com/group/myterragen/,1
tech.groups.yahoo.com/group/terragenfriends/,1
tech.groups.yahoo.com/group/xfrog/,1
www.adobe.com/support/downloads/product.jsp?product=62&amp;platform=Windows,1
tech.groups.yahoo.com/group/Corel-Beginners/,1
groups.yahoo.com/group/painterworld/,1
groups.yahoo.com/group/painter_Artistry/,1
groups.yahoo.com/group/Painter-Novitiate/,1
groups.yahoo.com/group/PSPClass2/,1
tech.groups.yahoo.com/group/sharingpspmadeez/,1
groups.yahoo.com/group/SuperBladeProSwap/,1
groups.yahoo.com/group/BladeProPRESETS/,1
groups.yahoo.com/group/kpt101/,1
tech.groups.yahoo.com/group/galadrielstubes/,1
tech.groups.yahoo.com/group/Adobe-Photoshop/,1
tech.groups.yahoo.com/group/Photoshop-Haven/,1
www.adobe.com/support/downloads/detail.jsp?hexID=861e,1
www.adobe.com/products/plugins/photoshop/,1
www.adobe.com/products/photoshopelwin/,1
tech.groups.yahoo.com/group/photoshop_elements/,1
tech.groups.yahoo.com/group/PhotoImpact_newbies/,1
groups.yahoo.com/group/photo-paint/,1
groups.yahoo.com/group/gimpwin-dev/,1
groups.yahoo.com/group/gimpi/,1
groups.yahoo.com/group/gimp-announce/messages,1
groups.yahoo.com/group/gimp-os2/messages,1
tech.groups.yahoo.com/group/gimp-developer/,1
tech.groups.yahoo.com/group/gimp-user/,1
tech.groups.yahoo.com/group/gimpwin-users/,1
www.adobe.com/products/adobemag/pastissues.html,1
sites.google.com/site/alexcreates/downloads,1
www.adobe.com/products/freehand/,1
www.adobe.com/products/fireworks/,1
www.adobe.com/support/fireworks/tutorial_index.html,1
www.adobe.com/products/illustrator/,1
office.microsoft.com/en-us/groove/,1
msdn.microsoft.com/exchange/,1
tech.groups.yahoo.com/group/exchange2000/,1
tech.groups.yahoo.com/group/MSExchange/,1
code.google.com/p/zen-coding/,1
www.adobe.com/products/homesite/,1
code.google.com/p/epic-win32/,1
code.google.com/p/silvertrout/,1
sites.google.com/site/ircguides/,1
support.microsoft.com/kb/169289,1
support.microsoft.com/kb/121005/EN-US,1
code.google.com/p/dcsharp/,1
sites.google.com/site/matjaz85/gopherclient,1
shreevatsa.wordpress.com/2007/07/31/using-gmail-with-mutt-the-minimal-way/,1
chsc.wordpress.com/2011/06/07/mutt-query-googlec/,1
code.google.com/p/goobook/,1
zuttobenkyou.wordpress.com/2010/11/05/mutt-multiple-gmail-imap-setup/,1
code.google.com/p/httpfox/,1
pavlost.wordpress.com/anycolor/,1
code.google.com/p/smartfind/,1
code.google.com/p/foxreplace/,1
code.google.com/p/xpisigner/,1
code.google.com/p/favloc/,1
code.google.com/p/savefileto/,1
code.google.com/p/thumbsdown/,1
sites.google.com/site/linkalert/,1
code.google.com/p/tabkit/,1
developer.yahoo.com/yslow/,1
code.google.com/speed/page-speed/,1
"'maps.google.com/?ie=UTF8&amp;om=1&amp;z=16&amp;ll=45.123785,-123.113962&amp;spn=0.012112,0.024097&amp;t=h'",1
code.google.com/p/v8/,1
chrome.google.com/extensions,1
www.google.com/googlebooks/chrome/,1
code.google.com/chromium/,1
plus.google.com/+chrome,1
www.microsoft.com/windows/products/winfamily/ie/default.mspx,1
www.microsoft.com/windows/ie/previous/webaccess/default.mspx,1
support.microsoft.com/kb/q167614/,1
get.adobe.com/reader/,1
get.adobe.com/flashplayer/,1
get.adobe.com/shockwave/,1
msdn.microsoft.com/en-us/library/aa741317.aspx,1
www.google.com/toolbar/ie/,1
www.google.com/reader/,1
technet.microsoft.com/en-us/windowsserver/2000/,1
www.apple.com/webobjects/,1
technet.microsoft.com/en-us/library/bb687463.aspx,1
www.microsoft.com/commerceserver/,1
www.microsoft.com/mspress/books/2486.asp,1
tech.groups.yahoo.com/group/zope/,1
support.microsoft.com/default.aspx?scid=kb;EN-US;q184693,1
technet.microsoft.com/library/hh831825,1
technet.microsoft.com/library/cc896553(WS.10).aspx,1
www.apple.com/quicktime/extending/resources.html,1
www.microsoft.com/windows/windowsmedia/forpros/server/server.aspx,1
www.google.com/services/,1
support.microsoft.com/kb/314054,1
code.google.com/p/canopy-httpd/,1
code.google.com/p/modwsgi/,1
www.microsoft.com/technet/security/tools/locktool.mspx,1
www.microsoft.com/technet/security/tools/urlscan.mspx,1
technet.microsoft.com/en-us/library/cc750569.aspx,1
www.google.com/analytics/,1
tech.groups.yahoo.com/group/win-webalizer/,1
tech.groups.yahoo.com/group/webalizer/,1
www.microsoft.com/licensing/,1
support.microsoft.com/default.aspx?scid=kb;EN-US;q80863,1
msdn.microsoft.com/en-us/library/ms811556.aspx,1
msdn.microsoft.com/en-us/library/ms811552.aspx,1
msdn.microsoft.com/en-us/library/ms811540.aspx,1
www.amazon.com/exec/obidos/ASIN/0471353426,1
groups.yahoo.com/group/cimxml/,1
technet.microsoft.com/en-us/library/cc788652.aspx,1
msdn.microsoft.com/office/,1
www.microsoft.com/learning/en/us/certification/mos.aspx,1
www.microsoft.com/mac/products/,1
msdn.microsoft.com/en-us/library/cc313118.aspx,1
code.google.com/p/sipdroid/,1
code.google.com/android/,1
sites.google.com/site/pandacomb,1
support.microsoft.com/default.aspx?scid=kb;en-us;289022,1
support.microsoft.com/?scid=kb;en-us;102873,1
groups.yahoo.com/group/gem-announce/,1
groups.yahoo.com/group/giotto-gui/,1
code.google.com/p/fanntool/,1
sites.google.com/site/eetorres/fltk_en,1
groups.yahoo.com/search?query=suse,1
tech.groups.yahoo.com/group/smalllinux/,1
code.google.com/p/ubuntutrinux/,1
tv.groups.yahoo.com/group/tivo_canada/,1
code.google.com/p/compcache/,1
tech.groups.yahoo.com/group/linux_forensics/,1
tech.groups.yahoo.com/group/moroccanlinuxusers/,1
groups.google.com/group/shanghailug,1
tech.groups.yahoo.com/group/lug-northindia/,1
tech.groups.yahoo.com/group/cuLUG/,1
support.apple.com/kb/HT1835,1
www.adobe.com/products/dreamweaver/,1
www.adobe.com/products/flash/flashpro/,1
www.microsoft.com/mac/default.aspx?pid=msnmessenger,1
messenger.yahoo.com/mac.php,1
www.apple.com/macosx/what-is-macosx/ichat.html,1
www.apple.com/ca/fr/support/mac101/work/21/,1
developer.apple.com/documentation/Darwin/Reference/ManPages/index.html,1
www.apple.com/iwork/,1
www.apple.com/iwork/keynote/,1
developer.apple.com/security/,1
www.apple.com/support/security/,1
www.apple.com/macosx/,1
www.apple.com/downloads/macosx/,1
developer.apple.com/macosx/tigerdevintro.html,1
support.apple.com/kb/HT1343,1
www.apple.com/server/macosx/,1
developer.apple.com/server/,1
docs.info.apple.com/article.html?artnum=107234,1
groups.yahoo.com/group/wordperfectmac/,1
groups.yahoo.com/group/NeXTUSERS/,1
groups.yahoo.com/group/nextos/,1
www.microsoft.com/hardware/downloads/default.mspx,1
www.microsoft.com/downloads/details.aspx?FamilyID=2f465be0-94fd-4569-b3c4-dffdf19ccd99&amp;DisplayLang=en,1
www.microsoft.com/downloads/details.aspx?FamilyID=09dfc342-648b-4119-b7eb-783b0f7d1178&amp;DisplayLang=en,1
www.microsoft.com/technet/scriptcenter/tools/admatic.mspx,1
www.microsoft.com/technet/scriptcenter/tools/twkmatic.mspx,1
www.microsoft.com/technet/scriptcenter/guide/sas_wsh_qlcc.mspx?mfr=true,1
www.microsoft.com/technet/scriptcenter/default.mspx,1
www.microsoft.com/downloads/details.aspx?FamilyId=01592C48-207D-4BE1-8A76-1C4099D7BBB9,1
msdn.microsoft.com/en-us/library/aa394553(VS.85).aspx,1
gallery.technet.microsoft.com/ScriptCenter/en-us/,1
msdn.microsoft.com/en-us/magazine/cc302338.aspx,1
technet.microsoft.com/en-us/default.aspx,1
support.microsoft.com/ph/1131,1
www.microsoft.com/windows2000/techinfo/default.asp,1
www.microsoft.com/learning/books/Windows/default.asp,1
www.microsoft.com/hk/windows2000/faq.htm,1
www.microsoft.com/enable/training/windows2000/default.aspx,1
msdn.microsoft.com/en-us/library/aa286534.aspx,1
www.microsoft.com/technet/security/,1
groups.yahoo.com/group/windows31rocks/,1
technet.microsoft.com/en-us/windowsvista/default.aspx,1
windows.microsoft.com/en-US/windows7/help,1
technet.microsoft.com/en-us/windows/dd361745,1
support.microsoft.com/ph/14019,1
answers.microsoft.com/en-us/windows/forum/windows_7,1
msdn.microsoft.com/windows/apps/default,1
support.microsoft.com/ph/1139,1
support.microsoft.com/kb/q183887/,1
support.microsoft.com/kb/q221512/,1
www.microsoft.com/WindowsMe/,1
www.microsoft.com/whdc/hcl/default.mspx,1
www.microsoft.com/ntworkstation/,1
technet.microsoft.com/en-us/windowsserver/bb405947.aspx,1
support.microsoft.com/ph/3198,1
technet.microsoft.com/en-us/library/cc706993(WS.10).aspx,1
technet.microsoft.com/en-us/windowsvista/aa905075.aspx,1
technet.microsoft.com/en-us/library/cc707009.aspx,1
social.technet.microsoft.com/forums/en-US/category/windowsvistaitpro/,1
groups.yahoo.com/group/windowsxpgroup/,1
support.microsoft.com/default.aspx?scid=fh;en-us;winxp,1
www.microsoft.com/windowsxp/pro/evaluation/tours/default.mspx,1
www.microsoft.com/windowsxp/expertzone/default.mspx,1
technet.microsoft.com/en-us/library/bb491075.aspx,1
support.microsoft.com/gp/winxpfaq,1
www.microsoft.com/windows/windows-xp/,1
www.microsoft.com/windowsxp/downloads/updates/sp2/docs/privacy.mspx,1
code.google.com/p/plan9front/,1
code.google.com/p/inferno-ds/,1
code.google.com/p/os2online/,1
groups.yahoo.com/group/warpedusers/,1
www.facebook.com/pages/OS2-Warp/126304550503,1
www.amazon.com/exec/obidos/ASIN/020162687X,1
developer.apple.com/referencelibrary/Darwin/,1
finance.yahoo.com/q?s=SCOXQ.PK,1
tech.groups.yahoo.com/group/solarisonintel/,1
sites.google.com/site/rugxulo/,1
groups.yahoo.com/group/survpc/,1
groups.yahoo.com/group/batchworld/,1
support.microsoft.com/?id=71986,1
support.microsoft.com/?kbid=101884,1
support.microsoft.com/?kbid=106419,1
support.microsoft.com/?kbid=113418,1
support.microsoft.com/?kbid=119591,1
support.microsoft.com/?kbid=121170,1
support.microsoft.com/?kbid=26281,1
support.microsoft.com/?kbid=34768,1
support.microsoft.com/?kbid=35284,1
support.microsoft.com/?kbid=35938,1
support.microsoft.com/?kbid=36605,1
support.microsoft.com/?kbid=39585,1
support.microsoft.com/?kbid=39627,1
support.microsoft.com/?kbid=41246,1
support.microsoft.com/?kbid=43075,1
support.microsoft.com/?kbid=57658,1
support.microsoft.com/?kbid=63071,1
support.microsoft.com/?kbid=65994,1
support.microsoft.com/?kbid=66292,1
support.microsoft.com/?kbid=67929,1
support.microsoft.com/?kbid=68268,1
support.microsoft.com/?kbid=69563,1
support.microsoft.com/?kbid=69576,1
support.microsoft.com/?kbid=69581,1
support.microsoft.com/?kbid=71247,1
support.microsoft.com/?kbid=74038,1
support.microsoft.com/?kbid=74464,1
support.microsoft.com/?kbid=75634,1
support.microsoft.com/?kbid=77457,1
support.microsoft.com/?kbid=79245,1
support.microsoft.com/?kbid=97595,1
support.microsoft.com/default.aspx?scid=kb;EN-US;96269,1
support.microsoft.com/default.aspx?scid=KB;EN-US;Q34760&amp;,1
support.microsoft.com/?kbid=130893,1
support.microsoft.com/?kbid=131008,1
support.microsoft.com/?kbid=135268,1
support.microsoft.com/?kbid=177077,1
support.microsoft.com/?kbid=142432,1
support.microsoft.com/?kbid=180546&amp;,1
support.microsoft.com/?kbid=155572,1
support.microsoft.com/?kbid=199878,1
support.microsoft.com/?kbid=158358,1
support.microsoft.com/?kbid=162786,1
support.microsoft.com/?kbid=228930,1
support.microsoft.com/?kbid=168918,1
support.microsoft.com/?kbid=243486,1
support.microsoft.com/?kbid=173527,1
support.microsoft.com/?kbid=260324,1
support.microsoft.com/?kbid=173529,1
support.microsoft.com/?kbid=263105,1
support.microsoft.com/?kbid=176197,1
support.microsoft.com/?kbid=272530,1
support.microsoft.com/?kbid=250998,1
technet.microsoft.com/en-us/library/cc750982.aspx,1
media-server.amazon.com/jobs/jobs.html,1
www.microsoft.com/msj/default.aspx,1
msdn.microsoft.com/en-us/library/bb508939.aspx,1
www.microsoft.com/smserver/default.mspx,1
lindsaybradford.wordpress.com/research/latex/,1
www.adobe.com/products/framemaker/,1
'research.microsoft.com/en-us/um/people/jckrumm/Word\%20Tips/technical\%20publishing.htm',1
www.research.microsoft.com/research/srg/,1
research.microsoft.com/en-us/downloads/4dbcaad1-40a1-43a6-ab84-8a063fcd97fd/default.aspx,1
research.microsoft.com/users/gbell/craytalk/,1
groups.yahoo.com/group/AmigaOS4/,1
www.apple.com/rss/,1
www.info.apple.com/support/oldersoftwarelist.html,1
groups.yahoo.com/group/macaholic/,1
developer.apple.com/macos/,1
developer.apple.com/tools/mpw-tools/,1
www.lists.apple.com/mailman/listinfo/java-dev,1
developer.apple.com/hardware/ve/,1
developer.apple.com/darwin/,1
developer.apple.com/tools/,1
www.apple.com/jobs/us/,1
developer.apple.com/wwdc/,1
www.apple.com/support/mac101/,1
www.apple.com/getamac/,1
support.apple.com/specs/,1
www.info.apple.com/usen/imac/,1
www.info.apple.com/usen/g3/,1
www.info.apple.com/usen/g4/,1
www.apple.com/powermac/,1
www.apple.com/airport/,1
www.apple.com/mac/,1
www.apple.com/support/powerbook/,1
www.info.apple.com/usen/powerbookg3/,1
www.apple.com/xserve/,1
www.apple.com/hotnews,1
www.apple.com/main/rss/hotnews/hotnews.rss,1
tech.groups.yahoo.com/group/PSUG/,1
finance.groups.yahoo.com/group/MacHACers/,1
sites.google.com/site/stessential/,1
groups.yahoo.com/group/classiccommodore/,1
groups.yahoo.com/group/c64/,1
groups.yahoo.com/group/CybikoDev/,1
msdn.microsoft.com/mobility/,1
groups.yahoo.com/group/originalgreentablet/,1
groups.yahoo.com/group/simputer/,1
groups.yahoo.com/group/FreeREX/,1
www.youtube.com/user/how2moto,1
voices.yahoo.com/droid-phone-reviews-droid-phone-using-google-android-4837198.html,1
voices.yahoo.com/phone-comparison-apple-iphone-3gs-vs-motorola-droid-4832018.html,1
developer.apple.com/iphone/,1
www.apple.com/iphone/softwareupdate/,1
gwt.google.com/samples/GwtFeedReader/GwtFeedReader.html,1
code.google.com/p/iphonebrowser/,1
groups.yahoo.com/group/Visor/,1
groups.yahoo.com/group/treo/,1
www.microsoft.com/automotive/,1
www.microsoft.com/windowsmobile/pocketpc/ppc/default.mspx,1
msdn.microsoft.com/embedded/,1
groups.yahoo.com/group/dp2discuss/,1
groups.yahoo.com/group/ZX_SPECTRUM128K/,1
groups.yahoo.com/group/sinclairspectrumscyberhippies/,1
groups.yahoo.com/group/sinclairspectrumusers/,1
www.microsoft.com/windowsxp/tabletpc/default.mspx,1
sites.google.com/site/findnewsgroup/,1
www.google.com/googlegroups/archive_announce_20.html,1
groups.google.com/groups/dir,1
sites.google.com/site/egchessclub/,1
dir.yahoo.com/Recreation/Games/Board_Games/Chess/,1
www.amazon.com/gp/product/0802111033/104-3705896-4639909?n=283155,1
games.groups.yahoo.com/group/zertz/,1
groups.yahoo.com/group/accasta/,1
groups.yahoo.com/group/abalone_prog/,1
games.groups.yahoo.com/group/acquire3/,1
games.groups.yahoo.com/group/talisman_2nd_ed/,1
games.groups.yahoo.com/group/ArkhamHorrorBoardgame/,1
games.groups.yahoo.com/group/whendarknesscomes/,1
games.groups.yahoo.com/group/whendarknesscomes-news/,1
groups.yahoo.com/group/ZombiesBG/,1
uk.groups.yahoo.com/group/lbgc/,1
sites.google.com/site/wassailgamesclub/,1
games.groups.yahoo.com/group/18xx/,1
games.groups.yahoo.com/group/battlestations/,1
games.groups.yahoo.com/group/carwars2/,1
games.groups.yahoo.com/group/dark_futuregw/,1
games.groups.yahoo.com/group/autoduelinonI-64/,1
games.groups.yahoo.com/group/WarpWar/,1
groups.yahoo.com/group/HisSimSouthKanagawa,1
groups.yahoo.com/group/AxisandAlliesJapan/,1
games.groups.yahoo.com/group/Caspian_Sub/,1
groups.yahoo.com/group/successionwars/,1
games.groups.yahoo.com/group/AHBZK/,1
groups.yahoo.com/group/CAT23-Ngame,1
groups.yahoo.com/group/veggieScrabbleNYC/,1
games.groups.yahoo.com/group/amateurhappyhourscrabbleclub/,1
games.groups.yahoo.com/group/pa-scrabble/,1
www.facebook.com/Scrabble,1
groups.yahoo.com/group/AFUNCANGROUP/,1
games.yahoo.com/games/rules/tornado21/rules.html?page=t21,1
groups.yahoo.com/group/dvorak-list/,1
games.groups.yahoo.com/group/frodobc/,1
groups.yahoo.com/clubs/theeuchreexchange,1
groups.yahoo.com/group/sheepshead_central/,1
games.yahoo.com/games/strategy/spades/spsbasics.html?page=sp,1
sites.google.com/site/kumbach/arcade-machine,1
launch.groups.yahoo.com/group/arcadeandjammacollectors/,1
games.groups.yahoo.com/group/ukpinball/,1
groups.yahoo.com/group/vpFREE/,1
sports.yahoo.com/nfl/pickem,1
groups.yahoo.com/group/tiddlywinks/,1
groups.yahoo.com/group/Warhammer40KJapan/,1
groups.yahoo.com/group/ClanWar-L/,1
groups.yahoo.com/group/Flintloque/,1
games.groups.yahoo.com/group/jigg/,1
games.groups.yahoo.com/group/ancientempires2nd/,1
groups.yahoo.com/group/Battlefront/,1
games.groups.yahoo.com/group/SJCW/,1
groups.yahoo.com/group/Vietgaming/,1
groups.yahoo.com/group/charlie-company/,1
games.groups.yahoo.com/group/MasterclassMiniaturePainters/,1
groups.yahoo.com/group/mini-painter/,1
sites.google.com/site/neralx/,1
groups.yahoo.com/group/SGoM/,1
games.groups.yahoo.com/group/swmb/,1
games.groups.yahoo.com/group/terrainmakers/,1
groups.yahoo.com/group/tw2002/,1
groups.yahoo.com/group/tradewarswarriors/,1
groups.yahoo.com/group/areaswap/,1
groups.yahoo.com/group/ackmud/,1
groups.yahoo.com/group/GODWARS_and_DERIVATIVES,1
code.google.com/p/groovymud/,1
code.google.com/p/evennia/,1
groups.yahoo.com/group/Socialnomic-DML/,1
tech.groups.yahoo.com/group/PBMDesign/,1
games.groups.yahoo.com/group/knights_halo/,1
games.groups.yahoo.com/group/The_Covenant_of_the_Gods_RPG/,1
games.groups.yahoo.com/group/Immortal_Blood/,1
groups.yahoo.com/group/starshield-rpg/,1
sites.google.com/site/thepalaceisleofanango/,1
groups.yahoo.com/group/Jenon_Weyr/,1
groups.yahoo.com/group/unitedweyrs/,1
groups.yahoo.com/group/Ista_Weyr/,1
groups.yahoo.com/group/darknessofthering/,1
tv.groups.yahoo.com/group/The_Darkness_Within/,1
sites.google.com/site/irishwrestlingassociation/,1
games.groups.yahoo.com/group/ifn/,1
games.groups.yahoo.com/group/cold_war/,1
groups.yahoo.com/group/IACANGELS/,1
groups.yahoo.com/group/monsterisland/,1
groups.yahoo.com/group/QuestChat/,1
groups.yahoo.com/group/Quest-Online,1
groups.yahoo.com/group/JIGG/,1
sites.google.com/site/ucdgamesoc/,1
www.facebook.com/group.php?gid=2201892466,1
www.facebook.com/group.php?gid=2210255885,1
play.yahoo.com/games/login?game=Crossword,1
groups.yahoo.com/group/gamebooks/,1
games.groups.yahoo.com/group/molochsgamebookgarden/,1
groups.yahoo.com/group/Rebuilding_Titan/,1
groups.yahoo.com/group/joedeverslonewolf/,1
groups.yahoo.com/group/lostworlds/,1
games.groups.yahoo.com/group/teenagersfromouterspaceforum/,1
games.groups.yahoo.com/group/dragonraidlightraiders/,1
groups.yahoo.com/group/DragonsOfTheEast/,1
www.groups.yahoo.com/group/amber_diceless_rpg,1
groups.yahoo.com/group/arduinguild/,1
groups.yahoo.com/group/dqnewsletter/,1
groups.yahoo.com/group/LC-Talk,1
groups.yahoo.com/group/GranMarch,1
groups.yahoo.com/group/Living_Greyhawk,1
groups.yahoo.com/group/bandit_kingdoms,1
groups.yahoo.com/group/duchyofurnst/,1
games.groups.yahoo.com/group/theravenloftdomain/,1
groups.yahoo.com/group/fantasycampaigndesign/,1
groups.yahoo.com/group/dungeonsanddragonsideaforum/,1
groups.yahoo.com/group/tsrcorerules20/,1
groups.yahoo.com/group/adandd2/,1
groups.yahoo.com/group/adanddplayers/,1
groups.yahoo.com/group/Family-DnD/,1
games.groups.yahoo.com/group/tudragons/,1
games.groups.yahoo.com/group/ydungeonsanddragons/,1
games.groups.yahoo.com/group/The_Dungeon_Masters_Guild/,1
groups.yahoo.com/group/FirstEditonDND,1
games.groups.yahoo.com/group/irc_dnd/,1
games.groups.yahoo.com/group/forestoracle/,1
games.groups.yahoo.com/group/GauliaSweetGaulia/,1
groups.yahoo.com/group/dungeonsanddragonsedition3/,1
games.groups.yahoo.com/group/thirdeditiondanddclub/,1
games.groups.yahoo.com/group/thirdeditiondndplayersguild/,1
groups.yahoo.com/group/d20map/,1
games.groups.yahoo.com/group/E-Dawn/,1
games.groups.yahoo.com/group/HeroQuest-RPG/,1
games.groups.yahoo.com/group/HeroQuest-rules/,1
games.groups.yahoo.com/group/HeroWarsProgram/,1
groups.yahoo.com/group/palladiumfantasyfortress/,1
groups.yahoo.com/group/King_Arthur_Pendragon/,1
groups.yahoo.com/group/TheRedBoar/,1
games.groups.yahoo.com/group/ironclaw/,1
games.groups.yahoo.com/group/trailtodriscollboothillrpg/,1
groups.yahoo.com/group/chill/,1
games.groups.yahoo.com/group/deadlands2/,1
games.groups.yahoo.com/group/changelingthedreaming/,1
games.groups.yahoo.com/group/changelingclarp/,1
games.groups.yahoo.com/group/thechangelingclub/,1
games.groups.yahoo.com/group/worldofdarknessstorytellers/,1
games.groups.yahoo.com/group/WorldofDarknessList/,1
games.groups.yahoo.com/group/hunter-net-v2/,1
games.groups.yahoo.com/group/reckoning/,1
games.groups.yahoo.com/group/hunter-net-list/,1
games.groups.yahoo.com/group/ascension2/,1
games.groups.yahoo.com/group/magetheascension3/,1
games.groups.yahoo.com/group/magetheserpentscoils/,1
games.groups.yahoo.com/group/magethesorcererscrusade/,1
games.groups.yahoo.com/group/theatred/,1
games.groups.yahoo.com/group/wod-project/,1
games.groups.yahoo.com/group/wraith-necropolis/,1
games.groups.yahoo.com/group/A-WorldOfDarkness/,1
games.groups.yahoo.com/group/chains-of-steel/,1
games.groups.yahoo.com/group/DarkWorld/,1
games.groups.yahoo.com/group/HNC-Wraith/,1
games.groups.yahoo.com/group/minds/,1
games.groups.yahoo.com/group/NBfae/,1
tech.groups.yahoo.com/group/NBMage/,1
games.groups.yahoo.com/group/NBMageRequests/,1
tech.groups.yahoo.com/group/NBChangeling/,1
games.groups.yahoo.com/group/NBRequests/,1
games.groups.yahoo.com/group/Troupe_Game/,1
games.groups.yahoo.com/group/WraithList/,1
games.groups.yahoo.com/group/WtA_Updates/,1
groups.yahoo.com/group/NB-Ahroun/,1
games.groups.yahoo.com/group/BlueCaverns/,1
games.groups.yahoo.com/group/NB-ChildrenofGaia/,1
games.groups.yahoo.com/group/GaiasEyes/,1
games.groups.yahoo.com/group/NewBremenGlasswalkers/,1
games.groups.yahoo.com/group/NewBremenHengeyokai/,1
games.groups.yahoo.com/group/NBLazarites/,1
games.groups.yahoo.com/group/NB_WtA_Announcements/,1
games.groups.yahoo.com/group/NB_RedTalons/,1
games.groups.yahoo.com/group/NewBremenRonin/,1
games.groups.yahoo.com/group/NewBremenShadowLords/,1
games.groups.yahoo.com/group/NewBremenSilentStriders/,1
games.groups.yahoo.com/group/NBSilverFangs/,1
games.groups.yahoo.com/group/NewBremenStargazers/,1
games.groups.yahoo.com/group/brujahrant/,1
groups.yahoo.com/group/beyondparadiselondon/,1
groups.yahoo.com/group/vampirethemasquerade/,1
games.groups.yahoo.com/group/castleoficebluehearts/,1
games.groups.yahoo.com/group/kindredhavenofthenight/,1
games.groups.yahoo.com/group/nightshadesnightclub/,1
games.groups.yahoo.com/group/sabbatcafe/,1
games.groups.yahoo.com/group/sacramentobynight/,1
games.groups.yahoo.com/group/sydneybynight/,1
games.groups.yahoo.com/group/thestreetsoflondon/,1
games.groups.yahoo.com/group/vampirethemasqueradecurpg/,1
games.groups.yahoo.com/group/vtm2500/,1
games.groups.yahoo.com/group/vtmsuccubusnightclub/,1
games.groups.yahoo.com/group/familiagiovanni/,1
games.groups.yahoo.com/group/themissionariesofmadness/,1
games.groups.yahoo.com/group/insanityasylum2/,1
games.groups.yahoo.com/group/malkworldodor/,1
games.groups.yahoo.com/group/theravnoscarnival/,1
games.groups.yahoo.com/group/rebeccahsmaisondetoreador/,1
games.groups.yahoo.com/group/thetremeremansion/,1
games.groups.yahoo.com/group/werewolfcaern/,1
games.groups.yahoo.com/group/thewickedgarden/,1
games.groups.yahoo.com/group/werewolftheapocalypse/,1
games.groups.yahoo.com/group/riteofpassage/,1
games.groups.yahoo.com/group/stormwatchapocalypse/,1
games.groups.yahoo.com/group/sunsetempire/,1
games.groups.yahoo.com/group/Street_Fighter_RPG/,1
games.groups.yahoo.com/group/Project2040/,1
games.groups.yahoo.com/group/spacepunk2036/,1
games.groups.yahoo.com/group/themorrowproject/,1
games.groups.yahoo.com/group/systemsfailure/,1
games.groups.yahoo.com/group/tas_atp/,1
games.groups.yahoo.com/group/Classic-Traveller/,1
games.groups.yahoo.com/group/Aberrants_Worldwide/,1
games.groups.yahoo.com/group/AeonAdventure/,1
games.groups.yahoo.com/group/Trinity_RPG/,1
games.groups.yahoo.com/group/t2k/,1
games.groups.yahoo.com/group/Blood-of-Heroes-chat/,1
games.groups.yahoo.com/group/dcuniverserpg/,1
games.groups.yahoo.com/group/DCU-RPG/,1
games.groups.yahoo.com/group/GODLIKE/,1
games.groups.yahoo.com/group/golden-heroes/,1
games.groups.yahoo.com/group/icons-rpg/,1
games.groups.yahoo.com/group/VandV/,1
games.groups.yahoo.com/group/living-legends/,1
games.groups.yahoo.com/group/anewuniversecomethforth/,1
games.groups.yahoo.com/group/Mutants_n_Masterminds/,1
games.groups.yahoo.com/group/silverage/,1
games.groups.yahoo.com/group/Basic_Roleplaying/,1
groups.yahoo.com/group/startrekforthed20system/,1
games.groups.yahoo.com/group/d20gamers/,1
games.groups.yahoo.com/group/dragonlordsofmelnibone/,1
games.groups.yahoo.com/group/dsd20/,1
games.groups.yahoo.com/group/living_spycraft_canada/,1
sites.google.com/site/aaronellery/,1
games.groups.yahoo.com/group/gurps_vehicles/,1
games.groups.yahoo.com/group/bigeyessmallmouthanimerpg/,1
games.groups.yahoo.com/group/bigeyessmallmouthclub/,1
groups.yahoo.com/group/guardiansofordersailormoonrpg/,1
groups.yahoo.com/group/dorktower/,1
games.groups.yahoo.com/group/larpa-gen/,1
games.groups.yahoo.com/group/Avatar-IC/,1
groups.yahoo.com/group/IRCAList,1
groups.yahoo.com/group/laby-announce,1
groups.yahoo.com/group/labyrinthe,1
groups.yahoo.com/group/laby-ic,1
groups.yahoo.com/group/dcnwa,1
sites.google.com/site/nichiyasei/,1
games.groups.yahoo.com/group/cam_scotland/,1
games.groups.yahoo.com/group/camuk_gamedates/,1
games.groups.yahoo.com/group/d-pittsburgh-bullcrap/,1
games.groups.yahoo.com/group/hr-wraith/,1
games.groups.yahoo.com/group/malk-ooc/,1
games.groups.yahoo.com/group/nosferatu-ooc/,1
games.groups.yahoo.com/group/uk-wraith-st/,1
games.groups.yahoo.com/group/Utopia_Macomb/,1
groups.yahoo.com/group/JMR_Game,1
games.groups.yahoo.com/group/BoB-IC/,1
games.groups.yahoo.com/group/chicken-head/,1
movies.groups.yahoo.com/group/Dark_Reflection_OOC/,1
games.groups.yahoo.com/group/imc-wod/,1
games.groups.yahoo.com/group/JyhadTheIndychronicles/,1
games.groups.yahoo.com/group/malkcontact/,1
games.groups.yahoo.com/group/mmn/,1
games.groups.yahoo.com/group/owbn-cam-ooc/,1
games.groups.yahoo.com/group/owbn-east/,1
games.groups.yahoo.com/group/OWBN-Cam/,1
games.groups.yahoo.com/group/owbn-scepter-ooc/,1
games.groups.yahoo.com/group/shadowsofcincinnati/,1
games.groups.yahoo.com/group/sin-city/,1
games.groups.yahoo.com/group/Dream-Carefully/,1
games.groups.yahoo.com/group/owbn-scepter/,1
games.groups.yahoo.com/group/larpa-costuming/,1
games.groups.yahoo.com/group/RPG_Player_Sanctuary/,1
games.groups.yahoo.com/group/GreenRegent/,1
games.groups.yahoo.com/group/apalladiummegaverse/,1
games.groups.yahoo.com/group/RPG_Classified_ads/,1
games.groups.yahoo.com/group/rpg-create/,1
tech.groups.yahoo.com/group/thetwilightgamesclub/,1
games.groups.yahoo.com/group/car-pga/,1
games.groups.yahoo.com/group/rpgwritersclub/,1
games.groups.yahoo.com/group/world-create/,1
games.groups.yahoo.com/group/rpg-tools/,1
games.groups.yahoo.com/group/abrigon-world/,1
groups.yahoo.com/group/Lungfishalpha/,1
games.groups.yahoo.com/group/MoccaMapper/,1
games.groups.yahoo.com/group/FractalMapper/,1
games.groups.yahoo.com/group/autorealm/,1
games.groups.yahoo.com/group/CC2-Macros/,1
games.groups.yahoo.com/group/dominoes42texasstyle2/,1
sites.google.com/site/mahjrules/,1
games.groups.yahoo.com/group/BattleTech-CCG/,1
groups.yahoo.com/group/dragonstormcards/,1
groups.yahoo.com/group/dragonstorm/,1
groups.yahoo.com/group/sandiegomagic/,1
games.groups.yahoo.com/group/houstonmagic/,1
uk.groups.yahoo.com/group/Bath-and-Bristol-Magic/,1
games.groups.yahoo.com/group/NVML_players/,1
games.groups.yahoo.com/group/LA_MTG/,1
games.groups.yahoo.com/group/colorado_judges/,1
games.groups.yahoo.com/group/rageinfo/,1
groups.yahoo.com/group/ShadowfistTrading/,1
groups.yahoo.com/group/VTES_Custom/,1
games.groups.yahoo.com/group/vtes/,1
groups.yahoo.com/group/yugioh_card_club/,1
groups.yahoo.com/group/Yu-gi-oh_Trading_card_game/,1
